-- MySQL dump 10.13  Distrib 8.0.32, for Win64 (x86_64)
--
-- Host: 127.0.0.1    Database: book_db
-- ------------------------------------------------------
-- Server version	8.0.32

/*!40101 SET @OLD_CHARACTER_SET_CLIENT=@@CHARACTER_SET_CLIENT */;
/*!40101 SET @OLD_CHARACTER_SET_RESULTS=@@CHARACTER_SET_RESULTS */;
/*!40101 SET @OLD_COLLATION_CONNECTION=@@COLLATION_CONNECTION */;
/*!50503 SET NAMES utf8mb4 */;
/*!40103 SET @OLD_TIME_ZONE=@@TIME_ZONE */;
/*!40103 SET TIME_ZONE='+00:00' */;
/*!40014 SET @OLD_UNIQUE_CHECKS=@@UNIQUE_CHECKS, UNIQUE_CHECKS=0 */;
/*!40014 SET @OLD_FOREIGN_KEY_CHECKS=@@FOREIGN_KEY_CHECKS, FOREIGN_KEY_CHECKS=0 */;
/*!40101 SET @OLD_SQL_MODE=@@SQL_MODE, SQL_MODE='NO_AUTO_VALUE_ON_ZERO' */;
/*!40111 SET @OLD_SQL_NOTES=@@SQL_NOTES, SQL_NOTES=0 */;

--
-- Table structure for table `book`
--

DROP TABLE IF EXISTS `book`;
/*!40101 SET @saved_cs_client     = @@character_set_client */;
/*!50503 SET character_set_client = utf8mb4 */;
CREATE TABLE `book` (
                        `id` int NOT NULL AUTO_INCREMENT,
                        `type_id` int DEFAULT NULL COMMENT '书籍类型',
                        `book_name` varchar(100) DEFAULT NULL COMMENT '书籍名称',
                        `book_img` text COMMENT '书籍封面',
                        `book_details` text COMMENT '书籍详情',
                        `chapter_count` int DEFAULT '0' COMMENT '章节总数',
                        `create_time` datetime DEFAULT NULL COMMENT '创建时间',
                        `update_time` datetime DEFAULT NULL COMMENT '修改时间',
                        `book_author` varchar(20) DEFAULT NULL COMMENT '书籍作者',
                        PRIMARY KEY (`id`) USING BTREE
) ENGINE=InnoDB AUTO_INCREMENT=48 DEFAULT CHARSET=utf8mb3 ROW_FORMAT=DYNAMIC COMMENT='书籍信息';
/*!40101 SET character_set_client = @saved_cs_client */;

--
-- Dumping data for table `book`
--

LOCK TABLES `book` WRITE;
/*!40000 ALTER TABLE `book` DISABLE KEYS */;
INSERT INTO `book` VALUES (1,3,'金融思维','https://mediaminds.oss-cn-beijing.aliyuncs.com/bookPic/a51ea165-130e-4d63-baaf-5c780343e121.png','李成才推荐！《华尔街》《货币》学术顾问与总撰稿，以纪录片的务实加上金融事例的不可思议，教你掌握金融常识、培养金融思维，熟练投资理财',0,'2023-02-03 14:50:49','2023-04-07 13:52:52',NULL),(2,2,'三体','https://mediaminds.oss-cn-beijing.aliyuncs.com/bookPic/65e4415b-a990-4289-be1c-f8927362358b.png','《三体》第73届世界科幻雨果奖获奖作品，银河奖特别奖，《三体3》轨迹奖长篇科幻小说！2017年世界雨果奖提名作品。',0,'2023-02-04 12:37:44','2023-04-07 15:14:03',NULL),(3,3,'财富自由的起点','https://mediaminds.oss-cn-beijing.aliyuncs.com/bookPic/b84c01c3-cb55-49e1-8d50-be472daa357d.png','财富自由的起点 内卷时代更适合年轻人的投资创富指南，揭示新时代财富运行的底层逻辑，助你轻松开启财富自由之门。购书还可获取“钱月九财富私享课”等惊喜福利',0,'2023-02-04 12:42:12','2023-04-07 13:51:58',NULL),(4,2,'献给阿尔吉侬的花束','https://mediaminds.oss-cn-beijing.aliyuncs.com/bookPic/13eee556-936b-4e8c-a14a-bf68728502c9.png','豆瓣9.1高分，豆瓣科幻小说榜Top10，6万+评分，10万+想读 囊括世界科幻小说两项大奖“星云奖”“雨果奖”，感动无数读者的人性关怀杰作 30多种语言译本，全球销量超过600万册',0,'2023-03-04 10:47:02','2023-04-07 11:28:04',NULL),(5,2,'球状闪电','https://mediaminds.oss-cn-beijing.aliyuncs.com/bookPic/4d274017-3c3f-4f07-a1d9-8f5f0f40b148.png','《三体》系列前传， 亚洲首位雨果奖得主 第十八届银河奖特别奖 十届银河奖得主，刘慈欣被授予2018年度克拉克想象力服务社会奖',0,'2023-03-04 10:56:39','2023-04-07 11:27:03',NULL),(6,2,'超新星纪元','https://mediaminds.oss-cn-beijing.aliyuncs.com/bookPic/b06c3ad1-b6ce-44a7-8bde-d4d440ca5ba1.png','世界没有大人了。如此简单的想法，推演出乍看荒诞细想真实令人发冷的未来。我们以为人类的传承理所当然，但完全由孩子创造的世界，还会和过去一样吗？',0,'2023-03-04 10:57:02','2023-04-07 11:36:42',NULL),(7,2,'带上她的眼睛','https://mediaminds.oss-cn-beijing.aliyuncs.com/bookPic/9a3fdcf4-4c36-46bb-bae2-fbb772ae106f.png','科幻电影《流浪地球》《疯狂的外星人》原著小说 入选7年级下语文教材',0,'2023-03-04 11:09:14','2023-04-07 11:36:34',NULL),(8,2,'银河帝国：基地','https://mediaminds.oss-cn-beijing.aliyuncs.com/bookPic/e9dc4ce6-c977-4584-be8a-61cd17fc03e6.png','阿西莫夫：永恒的科幻经典！阿西莫夫封神之作。人类历史上不容错过的系列小说——世界SF小说协会，1966年，俄亥俄州。附赠“银河帝国行政区”海报。读客熊猫君出品',0,'2023-03-04 13:55:54','2023-04-07 11:36:53',NULL),(9,3,'富爸爸穷爸爸','https://mediaminds.oss-cn-beijing.aliyuncs.com/bookPic/0e171ec7-1f04-462f-ae83-aae1244eacdd.png','关于财商教育、投资理财知识的经典之作，你问十个人关于财商和理财的书籍，九个人会给你《推荐富爸爸穷爸爸》。里面有很多让你脑洞大开、重新审视三观的东西让你去发现。',0,'2023-03-04 13:56:19','2023-04-07 13:51:09',NULL),(10,3,'手把手教你读财报','https://mediaminds.oss-cn-beijing.aliyuncs.com/bookPic/9f0adada-92f6-4fcf-aff6-18b24c083384.png','知名投资人，畅销书作家唐朝力作！投资者写给投资者的排雷秘籍，自学者写给自学者的财报入门',0,'2023-03-04 13:56:36','2023-04-07 13:49:59',NULL),(11,2,'克莱因壶','https://mediaminds.oss-cn-beijing.aliyuncs.com/bookPic/0cc057ff-207b-40d8-950c-2c1ba834847c.jpg','入围豆瓣图书Top130，豆瓣热门日系推理图书NO.6！日本虚拟现实VR题材开山神作！什么时候，你开始怀疑这个世界是假的？',0,'2023-03-04 13:57:11','2023-04-07 11:17:22',NULL),(23,3,'日本蜡烛图技术','https://mediaminds.oss-cn-beijing.aliyuncs.com/bookPic/62076b67-e374-4631-a6af-6d1d1bd85c10.png','全新修订超20万字！“K线之父”史蒂夫·尼森畅销近30年的金融投资经典，中国知名金融学者和从业者丁圣元译，让大众熟知蜡烛图技术的开山之作。附赠作者印签+特写寄语。',0,'2023-04-07 14:33:43','2023-04-07 14:33:43',NULL),(24,3,'财务自由之路','https://mediaminds.oss-cn-beijing.aliyuncs.com/bookPic/ae9cf546-d203-4775-a17c-01a2d08e8021.png','★全球销量1000万册 ★欧洲*金钱教练，轰动全球财经界的“欧洲巴菲特”博多·舍费尔 ★25万学员亲赴欧洲听他演讲，获得财务自由！ ★理念指导+操作技巧 助力投资新手、投资高手！',0,'2023-04-07 14:35:05','2023-04-07 14:35:05',NULL),(25,3,'聪明的投资者','https://mediaminds.oss-cn-beijing.aliyuncs.com/bookPic/84849ecb-9815-4e4b-9ef1-0890001ac588.png','主要面向个人投资者，全面体现了格雷厄姆的价值投资思想，为普通人在证券投资策略的选择和执行方面提供了重要的指导。',0,'2023-04-07 14:37:09','2023-04-07 14:37:09',NULL),(26,3,'股市进阶之道','https://mediaminds.oss-cn-beijing.aliyuncs.com/bookPic/15f4c0ff-bc29-40b8-9c95-6c2022945f1c.png','雪球、新浪人气博主水晶苍蝇拍鼎力之作,球创始人方三文、i美股资产管理人梁剑倾力推荐；徐星投资管理有限公司总经理 张东伟作序，腾讯财经专题推荐.',0,'2023-04-07 14:38:12','2023-04-07 14:38:12',NULL),(27,6,'半小时漫画中国地理','https://mediaminds.oss-cn-beijing.aliyuncs.com/bookPic/42d5f2ab-5904-4989-b26a-ed8a9b94fbbe.png','假如全中国是个班级，地理知识就很好记。 漫画式科普开创者、3500万粉丝的陈磊 半小时漫画团队科普地理新系列！ 如果我们能把全中国看成一个班级，那这事儿就好理解了。 四川是外柔内刚的同学：平时看起来懒懒的很好',0,'2023-04-07 14:39:46','2023-04-07 14:39:46',NULL),(28,6,'大横断','https://mediaminds.oss-cn-beijing.aliyuncs.com/bookPic/d206cc44-531e-4fe4-84e7-61460818dbb4.png','本书历时8 年，集百位户外人、摄影师及撰稿人对横断山区的挚爱与热忱，在峡谷密林、雪山冰川，风餐露宿，坚持前期文图实采；并以图文结合的方式，首次翔实而严谨地梳理了横断七脉，更加清晰直观地展现出横断山区的地形',0,'2023-04-07 14:41:21','2023-04-07 14:41:21',NULL),(29,6,'上帝掷骰子么','https://mediaminds.oss-cn-beijing.aliyuncs.com/bookPic/90b26ee5-b572-4241-93c5-aba2af490ca1.png','国内ZUI畅销的科普神作，豆瓣评分9.2，创科普类图书中强大口碑。 刘慈欣盛赞： 教科书要是能这么有趣就好了！ 百万读者惊呼：原来物理这么燃！ 2.扎克伯格关注的科技前沿，全球下一轮新科技革命的引爆点。 美国能源部',0,'2023-04-07 14:42:36','2023-04-07 14:42:36',NULL),(30,4,'伟人传记典藏纪念版','https://mediaminds.oss-cn-beijing.aliyuncs.com/bookPic/8a9def36-9deb-43c9-b880-283c88341d7e.png','方学者笔下的开国领袖传记。不懂得*、周恩来、邓小平，就不会真正理解一百年来的中国历史。',0,'2023-04-07 14:52:54','2024-01-04 12:41:14',NULL),(31,4,'赢家：齐达内传','https://mediaminds.oss-cn-beijing.aliyuncs.com/bookPic/f9e1a95f-0251-44f5-8b19-91f4ca9b2904.png','追踪报道30余年，著成的齐达内权威传记。读《齐达内传》，参透赢家哲学。书中全景纪录了齐达内传奇的足球生涯，帮你领悟“玄学”大师成功背后的人生哲学。',0,'2023-04-07 14:54:22','2023-04-07 14:54:22',NULL),(32,4,'库有引力：斯蒂芬·库里传','https://mediaminds.oss-cn-beijing.aliyuncs.com/bookPic/acc74d1a-4cc3-4ba6-9d65-f3274e3965d0.png','至高规格致敬珍藏，海量图文甄选打造。 豪华附赠：库里珍藏大扑克牌 +《狂飙盛宴》超神纪念大海报+库里荣耀内藏长卷',0,'2023-04-07 14:56:37','2024-01-04 12:52:52',NULL),(33,4,'伊布自传','https://mediaminds.oss-cn-beijing.aliyuncs.com/bookPic/3e3a0e14-1395-40de-90a7-8ab5312dba87.png','“来时我如国王，去时我如传奇！这本书讲述的是我一路走过的足球旅程。别辜负自己的天赋，相信自己，努力工作。我的亲身经历已经证明，如果你永不言弃，一切皆有可能。”《天下足球》翻译作品。',0,'2023-04-07 14:57:49','2024-01-04 12:41:14',NULL),(34,4,'随风不逝·张国荣','https://mediaminds.oss-cn-beijing.aliyuncs.com/bookPic/4c7a5fa4-290f-410d-bbca-e07f6d2cec93.png','20周年，是时候想遍，心中所爱名字——张国荣',0,'2023-04-07 14:58:53','2024-01-04 12:39:13',NULL),(35,4,'拉下百叶窗的午后','https://mediaminds.oss-cn-beijing.aliyuncs.com/bookPic/95e4af95-7283-43d9-b2e2-e17852ce2fc5.png','入选某瓣2021年度艺术·设计榜单，英伦传奇乐队Suede山羊皮主唱布雷特·安德森回忆录 揭秘山羊皮从一夜成名到黯然解散全过程 深度剖析音乐产业生态|揭示音乐产业运转真相|音乐爱好者的诚意之作',0,'2023-04-07 15:07:55','2024-01-04 12:41:14',NULL),(36,4,'苏东坡传','https://mediaminds.oss-cn-beijing.aliyuncs.com/bookPic/5b7f9bd2-30d0-4414-be66-931d937ce808.png','隐世才女白落梅慢沏一碗清茶，为你细述一代文豪苏东坡的快意人生。逆旅而行，几多困顿；飘然如风，几多潇洒。唯美插图珍藏版，附赠手绘精美书签！',0,'2023-04-07 15:08:52','2024-01-04 12:38:38',NULL),(37,1,'习近平新时代中国特色社会主义思想概论 2023新版','https://mediaminds.oss-cn-beijing.aliyuncs.com/bookPic/91ff6737-951d-4c76-80a0-63fa0d01e9c5.png','该书是中央马工程重点教材，由马克思主义理论研究和建设工程办公室统筹组织编写，是第一部全面系统体现习近平新时代中国特色社会主义思想的全国高校思政课统编教材，由导论、结语和17章正文组成，各章均设有学习要点、本章小结、思考题及总书记金句、知识拓展、图表等多种形式的辅文。',0,'2023-04-07 15:51:35','2024-01-04 12:40:48',NULL),(38,1,'中医基础理论(五版教材)','https://mediaminds.oss-cn-beijing.aliyuncs.com/bookPic/1ad76c51-5409-496e-942d-a7e51bf3a48a.png','中医基础理论，是研究和阐释中医学的基础理论和基本知识的一门学科。它的内容包括阴阳五行、藏象、经络、气血津液、病因和病机等方面的基础理论和基本知识，是学习中医中药其他各门学科的基础，是学习和研究中医药学的一门必修的基础理论课程。',0,'2023-04-07 15:52:22','2024-01-04 12:35:29',NULL),(39,1,'刑法学（第六版 上下册）\r\n','https://mediaminds.oss-cn-beijing.aliyuncs.com/bookPic/5dd2a600-2790-46bd-80db-dbed280027b3.png','张明楷教授代表作 扩容近六十万字，增加刑十一、刑十相关内容，增删、修改刑法基础论、犯罪论、法律后果论、罪刑各论等内容',0,'2023-04-07 15:53:21','2023-04-07 15:53:21',NULL),(40,1,'普通心理学(第5版）','https://mediaminds.oss-cn-beijing.aliyuncs.com/bookPic/8608474f-eb9c-46d1-b6cb-ce6fda983d07.png','它既是心理学专业的基础课教材，也是相关专业和心理学爱好者的入门教材，还是部分高校招收心理学博、硕士研究生的重要参考教材',0,'2023-04-07 15:54:29','2024-01-04 12:40:48',NULL),(41,8,'有一年','https://mediaminds.oss-cn-beijing.aliyuncs.com/bookPic/a8849063-d1f6-453a-b99b-749c7a39bac0.png','知名插画师、畅销漫画作品《生活蒙太奇》作者天然的插画作品集。这是一个生活观察者对美好生活无时无刻的记录。同时也是一个关于美的创作试验：连续365天生活速写，700多幅作品合集，呈现如诗如画的有一年。',0,'2023-04-07 15:56:02','2023-05-12 16:55:07',NULL),(42,8,'艺术与文明','https://mediaminds.oss-cn-beijing.aliyuncs.com/bookPic/c6b7ce8e-01a2-4dae-997b-93d1061f2a44.png','著名美术史家范景中五十年心力之作，聚焦文艺复兴到18世纪天才艺术家层出不穷的黄金时代。陈丹青、许知远、巫鸿、朱良志、吕澎联合推荐，献给所有热爱艺术、热爱美的你。当当专属双赠品，送完为止！',0,'2023-04-07 15:57:00','2024-01-04 12:09:19',NULL),(43,8,'入世的巅峰','https://mediaminds.oss-cn-beijing.aliyuncs.com/bookPic/9506aff1-3cf4-47f3-b114-77501eb856af.png','清明上河图，藏着中国人的精神！百万人气公号“近似于透明的深蓝”作品，讲述流淌在我们骨血里的思想、文化与美的力量，更关于人如何过好这一生。豆瓣高分佳作！悲悯，绚丽又静默如迷。蒋勋、Tango推荐',0,'2023-04-07 15:57:46','2024-01-04 12:09:19',NULL),(44,8,'解异集','https://mediaminds.oss-cn-beijing.aliyuncs.com/bookPic/3ca39e37-1a8e-4df4-b620-a78e67f19fec.png','人气画手仙女绝美原创百妖神怪图鉴，出自近百部中国志怪典籍和民间传说，如《聊斋》中的鬼魅、《子不语》中的妖魔、《山海经》中的神祇等，为你打开浩瀚的民族传统文化宝库。',0,'2023-04-07 15:58:43','2023-05-14 10:32:39',NULL),(46,4,'平步青云','https://mediaminds.oss-cn-beijing.aliyuncs.com/book/89481e0a-af07-45f7-8e00-4100fa8ddff5.jpg','柳浩天转业到千湖镇上任的第一天就直接被架空了，面对着与镇长梁友德之间不可调和的观念冲突，面对阴险奸诈的天星公司以及天星公司所组织起来的庞大人脉关系网络，柳浩天绝不妥协，铁腕整顿，围绕着如何保障民生发展经济，一场场激烈的斗争由此拉开序幕……\n尘埃落定之时，结果出炉，柳浩天彻底愤怒了……\n官之大者，为国为民。',679,'2025-05-07 00:54:38','2025-05-11 11:31:19','梦入洪荒'),(47,2,'开端','https://mediaminds.oss-cn-beijing.aliyuncs.com/book/8beb9f3e-44a3-40fb-b1b6-c1336a9aa99c.jpg','李诗情坐上了一辆公交车，原以为会与往常一般到达目的地，却没想到踏上了一段无限循环的“死亡之旅”……\n如果再这么“出事”下去，她难保不会疯。\n但被她意外拉入“循环”的肖鹤云却说：“像我们这样连死几十次都没有放弃希望的人，还有什么事是做不到的呢？毕竟……没有什么事比从容赴死更难的了啊。”',42,'2025-05-07 00:54:39','2025-05-11 11:32:22','祈祷君');
/*!40000 ALTER TABLE `book` ENABLE KEYS */;
UNLOCK TABLES;

--
-- Table structure for table `book_chapter`
--

DROP TABLE IF EXISTS `book_chapter`;
/*!40101 SET @saved_cs_client     = @@character_set_client */;
/*!50503 SET character_set_client = utf8mb4 */;
CREATE TABLE `book_chapter` (
                                `id` int NOT NULL AUTO_INCREMENT COMMENT '主键ID',
                                `book_id` int NOT NULL COMMENT '关联书籍ID（外键，指向book_product.id）',
                                `chapter_number` int DEFAULT NULL COMMENT '章节序号（可选，便于排序）',
                                `chapter_title` varchar(255) NOT NULL COMMENT '章节名',
                                `content_path` varchar(255) NOT NULL COMMENT '正文TXT文件路径',
                                `word_count` int DEFAULT NULL COMMENT '正文字数',
                                `create_time` datetime DEFAULT NULL COMMENT '创建时间',
                                `update_time` datetime DEFAULT NULL COMMENT '修改时间',
                                PRIMARY KEY (`id`) USING BTREE,
                                KEY `book_id` (`book_id`)
) ENGINE=InnoDB AUTO_INCREMENT=722 DEFAULT CHARSET=utf8mb4 COLLATE=utf8mb4_0900_ai_ci ROW_FORMAT=DYNAMIC COMMENT='书籍章节信息';
/*!40101 SET character_set_client = @saved_cs_client */;

--
-- Dumping data for table `book_chapter`
--

LOCK TABLES `book_chapter` WRITE;
/*!40000 ALTER TABLE `book_chapter` DISABLE KEYS */;
INSERT INTO `book_chapter` VALUES (1,46,1,'激烈交锋','https://mediaminds.oss-cn-beijing.aliyuncs.com/book/平步青云/第1章 激烈交锋.txt',3179,'2025-05-07 00:54:38','2025-05-07 00:54:38'),(2,46,2,'好大一个坑','https://mediaminds.oss-cn-beijing.aliyuncs.com/book/平步青云/第2章 好大一个坑.txt',4577,'2025-05-07 00:54:38','2025-05-07 00:54:38'),(3,46,3,'不给面子','https://mediaminds.oss-cn-beijing.aliyuncs.com/book/平步青云/第3章 不给面子.txt',3986,'2025-05-07 00:54:38','2025-05-07 00:54:38'),(4,46,4,'现场开会','https://mediaminds.oss-cn-beijing.aliyuncs.com/book/平步青云/第4章 现场开会.txt',3120,'2025-05-07 00:54:38','2025-05-07 00:54:38'),(5,46,5,'阻力重重','https://mediaminds.oss-cn-beijing.aliyuncs.com/book/平步青云/第5章 阻力重重.txt',4141,'2025-05-07 00:54:38','2025-05-07 00:54:38'),(6,46,6,'空城计','https://mediaminds.oss-cn-beijing.aliyuncs.com/book/平步青云/第6章 空城计.txt',6880,'2025-05-07 00:54:38','2025-05-07 00:54:38'),(7,46,7,'疯狂的崔志浩','https://mediaminds.oss-cn-beijing.aliyuncs.com/book/平步青云/第7章 疯狂的崔志浩.txt',3203,'2025-05-07 00:54:38','2025-05-07 00:54:38'),(8,46,8,'冲动了','https://mediaminds.oss-cn-beijing.aliyuncs.com/book/平步青云/第8章 冲动了.txt',5141,'2025-05-07 00:54:38','2025-05-07 00:54:38'),(9,46,9,'恶人先告状','https://mediaminds.oss-cn-beijing.aliyuncs.com/book/平步青云/第9章 恶人先告状.txt',3836,'2025-05-07 00:54:38','2025-05-07 00:54:38'),(10,46,10,'陷入绝境','https://mediaminds.oss-cn-beijing.aliyuncs.com/book/平步青云/第10章 陷入绝境.txt',6504,'2025-05-07 00:54:38','2025-05-07 00:54:38'),(11,46,11,'四面楚歌','https://mediaminds.oss-cn-beijing.aliyuncs.com/book/平步青云/第11章 四面楚歌.txt',3344,'2025-05-07 00:54:38','2025-05-07 00:54:38'),(12,46,12,'破局之机','https://mediaminds.oss-cn-beijing.aliyuncs.com/book/平步青云/第12章 破局之机.txt',3095,'2025-05-07 00:54:38','2025-05-07 00:54:38'),(13,46,13,'釜底抽薪','https://mediaminds.oss-cn-beijing.aliyuncs.com/book/平步青云/第13章 釜底抽薪.txt',3933,'2025-05-07 00:54:38','2025-05-07 00:54:38'),(14,46,14,'柳浩天的底牌','https://mediaminds.oss-cn-beijing.aliyuncs.com/book/平步青云/第14章 柳浩天的底牌.txt',3433,'2025-05-07 00:54:38','2025-05-07 00:54:38'),(15,46,15,'梁友德的愤怒','https://mediaminds.oss-cn-beijing.aliyuncs.com/book/平步青云/第15章 梁友德的愤怒.txt',3378,'2025-05-07 00:54:38','2025-05-07 00:54:38'),(16,46,16,'送瘟神（上）','https://mediaminds.oss-cn-beijing.aliyuncs.com/book/平步青云/第16章 送瘟神（上）.txt',4474,'2025-05-07 00:54:38','2025-05-07 00:54:38'),(17,46,17,'送瘟神（下）','https://mediaminds.oss-cn-beijing.aliyuncs.com/book/平步青云/第17章 送瘟神（下）.txt',5308,'2025-05-07 00:54:38','2025-05-07 00:54:38'),(18,46,18,'瘟神回归','https://mediaminds.oss-cn-beijing.aliyuncs.com/book/平步青云/第18章 瘟神回归.txt',3253,'2025-05-07 00:54:38','2025-05-07 00:54:38'),(19,46,19,'强势反击','https://mediaminds.oss-cn-beijing.aliyuncs.com/book/平步青云/第19章 强势反击.txt',4165,'2025-05-07 00:54:38','2025-05-07 00:54:38'),(20,46,20,'外援林芊芊','https://mediaminds.oss-cn-beijing.aliyuncs.com/book/平步青云/第20章 外援林芊芊.txt',3466,'2025-05-07 00:54:38','2025-05-07 00:54:38'),(21,46,21,'冲冠一怒（上）','https://mediaminds.oss-cn-beijing.aliyuncs.com/book/平步青云/第21章 冲冠一怒（上）.txt',4073,'2025-05-07 00:54:38','2025-05-07 00:54:38'),(22,46,22,'冲冠一怒（下）','https://mediaminds.oss-cn-beijing.aliyuncs.com/book/平步青云/第22章 冲冠一怒（下）.txt',3683,'2025-05-07 00:54:38','2025-05-07 00:54:38'),(23,46,23,'各方施压','https://mediaminds.oss-cn-beijing.aliyuncs.com/book/平步青云/第23章 各方施压.txt',3620,'2025-05-07 00:54:38','2025-05-07 00:54:38'),(24,46,24,'雷霆手段','https://mediaminds.oss-cn-beijing.aliyuncs.com/book/平步青云/第24章 雷霆手段.txt',3851,'2025-05-07 00:54:38','2025-05-07 00:54:38'),(25,46,25,'气走杜贵斌','https://mediaminds.oss-cn-beijing.aliyuncs.com/book/平步青云/第25章 气走杜贵斌.txt',3109,'2025-05-07 00:54:38','2025-05-07 00:54:38'),(26,46,26,'柳周联手','https://mediaminds.oss-cn-beijing.aliyuncs.com/book/平步青云/第26章 柳周联手.txt',3200,'2025-05-07 00:54:38','2025-05-07 00:54:38'),(27,46,27,'情敌魏成龙','https://mediaminds.oss-cn-beijing.aliyuncs.com/book/平步青云/第27章 情敌魏成龙.txt',3111,'2025-05-07 00:54:38','2025-05-07 00:54:38'),(28,46,28,'周炳华VS赵国柱','https://mediaminds.oss-cn-beijing.aliyuncs.com/book/平步青云/第28章 周炳华VS赵国柱.txt',3207,'2025-05-07 00:54:38','2025-05-07 00:54:38'),(29,46,29,'梁友德的怒气','https://mediaminds.oss-cn-beijing.aliyuncs.com/book/平步青云/第29章 梁友德的怒气.txt',3407,'2025-05-07 00:54:38','2025-05-07 00:54:38'),(30,46,30,'另起炉灶','https://mediaminds.oss-cn-beijing.aliyuncs.com/book/平步青云/第30章 另起炉灶.txt',3325,'2025-05-07 00:54:38','2025-05-07 00:54:38'),(31,46,31,'猛龙过江','https://mediaminds.oss-cn-beijing.aliyuncs.com/book/平步青云/第31章 猛龙过江.txt',3077,'2025-05-07 00:54:38','2025-05-07 00:54:38'),(32,46,32,'直播惹祸','https://mediaminds.oss-cn-beijing.aliyuncs.com/book/平步青云/第32章 直播惹祸.txt',3304,'2025-05-07 00:54:38','2025-05-07 00:54:38'),(33,46,33,'绝地反击','https://mediaminds.oss-cn-beijing.aliyuncs.com/book/平步青云/第33章 绝地反击.txt',3237,'2025-05-07 00:54:38','2025-05-07 00:54:38'),(34,46,34,'得罪大佬','https://mediaminds.oss-cn-beijing.aliyuncs.com/book/平步青云/第34章 得罪大佬.txt',3488,'2025-05-07 00:54:38','2025-05-07 00:54:38'),(35,46,35,'天星集团使坏','https://mediaminds.oss-cn-beijing.aliyuncs.com/book/平步青云/第35章 天星集团使坏.txt',3400,'2025-05-07 00:54:38','2025-05-07 00:54:38'),(36,46,36,'外商降临','https://mediaminds.oss-cn-beijing.aliyuncs.com/book/平步青云/第36章 外商降临.txt',3309,'2025-05-07 00:54:38','2025-05-07 00:54:38'),(37,46,37,'土豆搬家','https://mediaminds.oss-cn-beijing.aliyuncs.com/book/平步青云/第37章 土豆搬家.txt',3305,'2025-05-07 00:54:38','2025-05-07 00:54:38'),(38,46,38,'摘桃子','https://mediaminds.oss-cn-beijing.aliyuncs.com/book/平步青云/第38章 摘桃子.txt',3089,'2025-05-07 00:54:38','2025-05-07 00:54:38'),(39,46,39,'钓鱼老头','https://mediaminds.oss-cn-beijing.aliyuncs.com/book/平步青云/第39章 钓鱼老头.txt',4745,'2025-05-07 00:54:38','2025-05-07 00:54:38'),(40,46,40,'低调的大佬（上）','https://mediaminds.oss-cn-beijing.aliyuncs.com/book/平步青云/第40章 低调的大佬（上）.txt',3216,'2025-05-07 00:54:38','2025-05-07 00:54:38'),(41,46,41,'低调的大佬（下）','https://mediaminds.oss-cn-beijing.aliyuncs.com/book/平步青云/第41章 低调的大佬（下）.txt',3165,'2025-05-07 00:54:38','2025-05-07 00:54:38'),(42,46,42,'招商风云（上）','https://mediaminds.oss-cn-beijing.aliyuncs.com/book/平步青云/第42章 招商风云（上）.txt',4190,'2025-05-07 00:54:38','2025-05-07 00:54:38'),(43,46,43,'招商风云（下）','https://mediaminds.oss-cn-beijing.aliyuncs.com/book/平步青云/第43章招商风云（下）.txt',3622,'2025-05-07 00:54:38','2025-05-07 00:54:38'),(44,46,44,'再摘桃子','https://mediaminds.oss-cn-beijing.aliyuncs.com/book/平步青云/第44章 再摘桃子.txt',3886,'2025-05-07 00:54:38','2025-05-07 00:54:38'),(45,46,45,'明升暗降','https://mediaminds.oss-cn-beijing.aliyuncs.com/book/平步青云/第45章 明升暗降.txt',3538,'2025-05-07 00:54:38','2025-05-07 00:54:38'),(46,46,46,'陆天明的怒火','https://mediaminds.oss-cn-beijing.aliyuncs.com/book/平步青云/第46章 陆天明的怒火.txt',3743,'2025-05-07 00:54:38','2025-05-07 00:54:38'),(47,46,47,'一级压一级','https://mediaminds.oss-cn-beijing.aliyuncs.com/book/平步青云/第47章 一级压一级.txt',3613,'2025-05-07 00:54:38','2025-05-07 00:54:38'),(48,46,48,'瞒天过海','https://mediaminds.oss-cn-beijing.aliyuncs.com/book/平步青云/第48章 瞒天过海.txt',3434,'2025-05-07 00:54:38','2025-05-07 00:54:38'),(49,46,49,'弄虚作假','https://mediaminds.oss-cn-beijing.aliyuncs.com/book/平步青云/第49章 弄虚作假.txt',3500,'2025-05-07 00:54:38','2025-05-07 00:54:38'),(50,46,50,'打脸赵国柱','https://mediaminds.oss-cn-beijing.aliyuncs.com/book/平步青云/第50章 打脸赵国柱.txt',3336,'2025-05-07 00:54:38','2025-05-07 00:54:38'),(51,46,51,'再遇梁友德','https://mediaminds.oss-cn-beijing.aliyuncs.com/book/平步青云/第51章 再遇梁友德.txt',3724,'2025-05-07 00:54:38','2025-05-07 00:54:38'),(52,46,52,'三个大嘴巴','https://mediaminds.oss-cn-beijing.aliyuncs.com/book/平步青云/第52章 三个大嘴巴.txt',4348,'2025-05-07 00:54:38','2025-05-07 00:54:38'),(53,46,53,'梁友德落马','https://mediaminds.oss-cn-beijing.aliyuncs.com/book/平步青云/第53章 梁友德落马.txt',4263,'2025-05-07 00:54:38','2025-05-07 00:54:38'),(54,46,54,'微服私访','https://mediaminds.oss-cn-beijing.aliyuncs.com/book/平步青云/第54章 微服私访.txt',3369,'2025-05-07 00:54:38','2025-05-07 00:54:38'),(55,46,55,'敲打刘子龙','https://mediaminds.oss-cn-beijing.aliyuncs.com/book/平步青云/第55章 敲打刘子龙.txt',3206,'2025-05-07 00:54:38','2025-05-07 00:54:38'),(56,46,56,'借刀杀人','https://mediaminds.oss-cn-beijing.aliyuncs.com/book/平步青云/第56章 借刀杀人.txt',3424,'2025-05-07 00:54:38','2025-05-07 00:54:38'),(57,46,57,'赵国柱的心思','https://mediaminds.oss-cn-beijing.aliyuncs.com/book/平步青云/第57章 赵国柱的心思.txt',4566,'2025-05-07 00:54:38','2025-05-07 00:54:38'),(58,46,58,'柳浩天出手','https://mediaminds.oss-cn-beijing.aliyuncs.com/book/平步青云/第58章 柳浩天出手.txt',4176,'2025-05-07 00:54:38','2025-05-07 00:54:38'),(59,46,59,'王巨才空降','https://mediaminds.oss-cn-beijing.aliyuncs.com/book/平步青云/第59章 王巨才空降.txt',3395,'2025-05-07 00:54:38','2025-05-07 00:54:38'),(60,46,60,'栽赃陷害','https://mediaminds.oss-cn-beijing.aliyuncs.com/book/平步青云/第60章 栽赃陷害.txt',5747,'2025-05-07 00:54:38','2025-05-07 00:54:38'),(61,46,61,'直播翻车现场','https://mediaminds.oss-cn-beijing.aliyuncs.com/book/平步青云/第61章 直播翻车现场.txt',4271,'2025-05-07 00:54:38','2025-05-07 00:54:38'),(62,46,62,'灵魂三问','https://mediaminds.oss-cn-beijing.aliyuncs.com/book/平步青云/第62章 灵魂三问.txt',4243,'2025-05-07 00:54:38','2025-05-07 00:54:38'),(63,46,63,'周炳华的自责','https://mediaminds.oss-cn-beijing.aliyuncs.com/book/平步青云/第63章 周炳华的自责.txt',3547,'2025-05-07 00:54:38','2025-05-07 00:54:38'),(64,46,64,'现场办公','https://mediaminds.oss-cn-beijing.aliyuncs.com/book/平步青云/第64章 现场办公.txt',5608,'2025-05-07 00:54:38','2025-05-07 00:54:38'),(65,46,65,'自寻死路','https://mediaminds.oss-cn-beijing.aliyuncs.com/book/平步青云/第65章 自寻死路.txt',3545,'2025-05-07 00:54:38','2025-05-07 00:54:38'),(66,46,66,'崔德龙的挑衅','https://mediaminds.oss-cn-beijing.aliyuncs.com/book/平步青云/第66章 崔德龙的挑衅.txt',3561,'2025-05-07 00:54:38','2025-05-07 00:54:38'),(67,46,67,'妥协吗？','https://mediaminds.oss-cn-beijing.aliyuncs.com/book/平步青云/第67章 妥协吗？.txt',4120,'2025-05-07 00:54:38','2025-05-07 00:54:38'),(68,46,68,'强势反击','https://mediaminds.oss-cn-beijing.aliyuncs.com/book/平步青云/第68章 强势反击.txt',3182,'2025-05-07 00:54:38','2025-05-07 00:54:38'),(69,46,69,'崔德龙发飙','https://mediaminds.oss-cn-beijing.aliyuncs.com/book/平步青云/第69章 崔德龙发飙.txt',3734,'2025-05-07 00:54:38','2025-05-07 00:54:38'),(70,46,70,'釜底抽薪','https://mediaminds.oss-cn-beijing.aliyuncs.com/book/平步青云/第70章 釜底抽薪.txt',3108,'2025-05-07 00:54:38','2025-05-07 00:54:38'),(71,46,71,'打赌','https://mediaminds.oss-cn-beijing.aliyuncs.com/book/平步青云/第71章 打赌.txt',3292,'2025-05-07 00:54:38','2025-05-07 00:54:38'),(72,46,72,'以理服人','https://mediaminds.oss-cn-beijing.aliyuncs.com/book/平步青云/第72章 以理服人.txt',3393,'2025-05-07 00:54:38','2025-05-07 00:54:38'),(73,46,73,'两只狐狸','https://mediaminds.oss-cn-beijing.aliyuncs.com/book/平步青云/第73章 两只狐狸.txt',4628,'2025-05-07 00:54:38','2025-05-07 00:54:38'),(74,46,74,'杜贵斌落马','https://mediaminds.oss-cn-beijing.aliyuncs.com/book/平步青云/第74章 杜贵斌落马.txt',4698,'2025-05-07 00:54:38','2025-05-07 00:54:38'),(75,46,75,'新的挑战','https://mediaminds.oss-cn-beijing.aliyuncs.com/book/平步青云/第75章 新的挑战.txt',5367,'2025-05-07 00:54:38','2025-05-07 00:54:38'),(76,46,76,'遇见情敌【加更】','https://mediaminds.oss-cn-beijing.aliyuncs.com/book/平步青云/第76章 遇见情敌【加更】.txt',3362,'2025-05-07 00:54:38','2025-05-07 00:54:38'),(77,46,77,'八个大嘴巴','https://mediaminds.oss-cn-beijing.aliyuncs.com/book/平步青云/第77章 八个大嘴巴.txt',3291,'2025-05-07 00:54:38','2025-05-07 00:54:38'),(78,46,78,'遭遇威胁','https://mediaminds.oss-cn-beijing.aliyuncs.com/book/平步青云/第78章 遭遇威胁.txt',3117,'2025-05-07 00:54:38','2025-05-07 00:54:38'),(79,46,79,'疑点重重','https://mediaminds.oss-cn-beijing.aliyuncs.com/book/平步青云/第79章 疑点重重.txt',3759,'2025-05-07 00:54:38','2025-05-07 00:54:38'),(80,46,80,'反间计','https://mediaminds.oss-cn-beijing.aliyuncs.com/book/平步青云/第80章 反间计.txt',3174,'2025-05-07 00:54:38','2025-05-07 00:54:38'),(81,46,81,'不再隐忍','https://mediaminds.oss-cn-beijing.aliyuncs.com/book/平步青云/第81章 不再隐忍.txt',3877,'2025-05-07 00:54:38','2025-05-07 00:54:38'),(82,46,82,'一鸣惊人','https://mediaminds.oss-cn-beijing.aliyuncs.com/book/平步青云/第82章 一鸣惊人.txt',3174,'2025-05-07 00:54:38','2025-05-07 00:54:38'),(83,46,83,'直接开撕','https://mediaminds.oss-cn-beijing.aliyuncs.com/book/平步青云/第83章 直接开撕.txt',3604,'2025-05-07 00:54:38','2025-05-07 00:54:38'),(84,46,84,'借题发挥','https://mediaminds.oss-cn-beijing.aliyuncs.com/book/平步青云/第84章 借题发挥.txt',4281,'2025-05-07 00:54:38','2025-05-07 00:54:38'),(85,46,85,'权谋高手','https://mediaminds.oss-cn-beijing.aliyuncs.com/book/平步青云/第85章 权谋高手.txt',3455,'2025-05-07 00:54:38','2025-05-07 00:54:38'),(86,46,86,'超级魔女柳香薇','https://mediaminds.oss-cn-beijing.aliyuncs.com/book/平步青云/第86章 超级魔女柳香薇.txt',4331,'2025-05-07 00:54:38','2025-05-07 00:54:38'),(87,46,87,'柳香薇受伤','https://mediaminds.oss-cn-beijing.aliyuncs.com/book/平步青云/第87章 柳香薇受伤.txt',4183,'2025-05-07 00:54:38','2025-05-07 00:54:38'),(88,46,88,'国民小舅子','https://mediaminds.oss-cn-beijing.aliyuncs.com/book/平步青云/第88章 国民小舅子.txt',4142,'2025-05-07 00:54:38','2025-05-07 00:54:38'),(89,46,89,'迷雾重重','https://mediaminds.oss-cn-beijing.aliyuncs.com/book/平步青云/第89章 迷雾重重.txt',3163,'2025-05-07 00:54:38','2025-05-07 00:54:38'),(90,46,90,'当场打脸','https://mediaminds.oss-cn-beijing.aliyuncs.com/book/平步青云/第90章 当场打脸.txt',3839,'2025-05-07 00:54:38','2025-05-07 00:54:38'),(91,46,91,'明修栈道','https://mediaminds.oss-cn-beijing.aliyuncs.com/book/平步青云/第91章 明修栈道.txt',3700,'2025-05-07 00:54:38','2025-05-07 00:54:38'),(92,46,92,'暗度陈仓','https://mediaminds.oss-cn-beijing.aliyuncs.com/book/平步青云/第92章 暗度陈仓.txt',3425,'2025-05-07 00:54:38','2025-05-07 00:54:38'),(93,46,93,'直接插手','https://mediaminds.oss-cn-beijing.aliyuncs.com/book/平步青云/第93章 直接插手.txt',3395,'2025-05-07 00:54:38','2025-05-07 00:54:38'),(94,46,94,'对赌协议','https://mediaminds.oss-cn-beijing.aliyuncs.com/book/平步青云/第94章 对赌协议.txt',4414,'2025-05-07 00:54:38','2025-05-07 00:54:38'),(95,46,95,'强势出击','https://mediaminds.oss-cn-beijing.aliyuncs.com/book/平步青云/第95章 强势出击.txt',3380,'2025-05-07 00:54:38','2025-05-07 00:54:38'),(96,46,96,'打草惊蛇','https://mediaminds.oss-cn-beijing.aliyuncs.com/book/平步青云/第96章 打草惊蛇.txt',3463,'2025-05-07 00:54:38','2025-05-07 00:54:38'),(97,46,97,'落入圈套','https://mediaminds.oss-cn-beijing.aliyuncs.com/book/平步青云/第97章 落入圈套.txt',3456,'2025-05-07 00:54:38','2025-05-07 00:54:38'),(98,46,98,'方一鸣被打','https://mediaminds.oss-cn-beijing.aliyuncs.com/book/平步青云/第98章 方一鸣被打.txt',3313,'2025-05-07 00:54:38','2025-05-07 00:54:38'),(99,46,99,'恶人先告状','https://mediaminds.oss-cn-beijing.aliyuncs.com/book/平步青云/第99章 恶人先告状.txt',3167,'2025-05-07 00:54:38','2025-05-07 00:54:38'),(100,46,100,'陷入困境','https://mediaminds.oss-cn-beijing.aliyuncs.com/book/平步青云/第100章 陷入困境.txt',3269,'2025-05-07 00:54:38','2025-05-07 00:54:38'),(101,46,101,'无限拖延','https://mediaminds.oss-cn-beijing.aliyuncs.com/book/平步青云/第101章 无限拖延.txt',4385,'2025-05-07 00:54:38','2025-05-07 00:54:38'),(102,46,102,'围魏救赵','https://mediaminds.oss-cn-beijing.aliyuncs.com/book/平步青云/第102章 围魏救赵.txt',3448,'2025-05-07 00:54:38','2025-05-07 00:54:38'),(103,46,103,'梁文辉停职','https://mediaminds.oss-cn-beijing.aliyuncs.com/book/平步青云/第103章 梁文辉停职.txt',4605,'2025-05-07 00:54:38','2025-05-07 00:54:38'),(104,46,104,'虽千万人吾往矣','https://mediaminds.oss-cn-beijing.aliyuncs.com/book/平步青云/第104章 虽千万人吾往矣.txt',3529,'2025-05-07 00:54:38','2025-05-07 00:54:38'),(105,46,105,'围攻柳浩天','https://mediaminds.oss-cn-beijing.aliyuncs.com/book/平步青云/第105章 围攻柳浩天.txt',3108,'2025-05-07 00:54:38','2025-05-07 00:54:38'),(106,46,106,'狠狠打脸','https://mediaminds.oss-cn-beijing.aliyuncs.com/book/平步青云/第106章 狠狠打脸.txt',3102,'2025-05-07 00:54:38','2025-05-07 00:54:38'),(107,46,107,'小偷立功','https://mediaminds.oss-cn-beijing.aliyuncs.com/book/平步青云/第107章 小偷立功.txt',3675,'2025-05-07 00:54:38','2025-05-07 00:54:38'),(108,46,108,'微服私访','https://mediaminds.oss-cn-beijing.aliyuncs.com/book/平步青云/第108章 微服私访.txt',3385,'2025-05-07 00:54:38','2025-05-07 00:54:38'),(109,46,109,'跳，还是不跳？','https://mediaminds.oss-cn-beijing.aliyuncs.com/book/平步青云/第109章 跳，还是不跳？.txt',3285,'2025-05-07 00:54:38','2025-05-07 00:54:38'),(110,46,110,'人赃俱获','https://mediaminds.oss-cn-beijing.aliyuncs.com/book/平步青云/第110章 人赃俱获.txt',4224,'2025-05-07 00:54:38','2025-05-07 00:54:38'),(111,46,111,'缓兵之计','https://mediaminds.oss-cn-beijing.aliyuncs.com/book/平步青云/第111章 缓兵之计.txt',4742,'2025-05-07 00:54:38','2025-05-07 00:54:38'),(112,46,112,'斩首战术','https://mediaminds.oss-cn-beijing.aliyuncs.com/book/平步青云/第112章 斩首战术.txt',3787,'2025-05-07 00:54:38','2025-05-07 00:54:38'),(113,46,113,'铁腕手段','https://mediaminds.oss-cn-beijing.aliyuncs.com/book/平步青云/第113章 铁腕手段.txt',3755,'2025-05-07 00:54:38','2025-05-07 00:54:38'),(114,46,114,'震惊四方','https://mediaminds.oss-cn-beijing.aliyuncs.com/book/平步青云/第114章 震惊四方.txt',3176,'2025-05-07 00:54:38','2025-05-07 00:54:38'),(115,46,115,'惊天计划','https://mediaminds.oss-cn-beijing.aliyuncs.com/book/平步青云/第115章 惊天计划.txt',3223,'2025-05-07 00:54:38','2025-05-07 00:54:38'),(116,46,116,'麻烦上门【加更】','https://mediaminds.oss-cn-beijing.aliyuncs.com/book/平步青云/第116章 麻烦上门【加更】.txt',5365,'2025-05-07 00:54:38','2025-05-07 00:54:38'),(117,46,117,'王翠珠事件【加更】','https://mediaminds.oss-cn-beijing.aliyuncs.com/book/平步青云/第117章 王翠珠事件【加更】.txt',3200,'2025-05-07 00:54:38','2025-05-07 00:54:38'),(118,46,118,'病遁','https://mediaminds.oss-cn-beijing.aliyuncs.com/book/平步青云/第118章 病遁.txt',3330,'2025-05-07 00:54:38','2025-05-07 00:54:38'),(119,46,119,'阻力重重','https://mediaminds.oss-cn-beijing.aliyuncs.com/book/平步青云/第119章 阻力重重.txt',3457,'2025-05-07 00:54:38','2025-05-07 00:54:38'),(120,46,120,'说服苏志伟【加更】','https://mediaminds.oss-cn-beijing.aliyuncs.com/book/平步青云/第120章 说服苏志伟【加更】.txt',3643,'2025-05-07 00:54:38','2025-05-07 00:54:38'),(121,46,121,'胆大心细','https://mediaminds.oss-cn-beijing.aliyuncs.com/book/平步青云/第121章 胆大心细.txt',4832,'2025-05-07 00:54:38','2025-05-07 00:54:38'),(122,46,122,'柳浩天的愤怒','https://mediaminds.oss-cn-beijing.aliyuncs.com/book/平步青云/第122章 柳浩天的愤怒.txt',3092,'2025-05-07 00:54:38','2025-05-07 00:54:38'),(123,46,123,'步步紧逼','https://mediaminds.oss-cn-beijing.aliyuncs.com/book/平步青云/第123章 步步紧逼.txt',3465,'2025-05-07 00:54:38','2025-05-07 00:54:38'),(124,46,124,'借题发挥','https://mediaminds.oss-cn-beijing.aliyuncs.com/book/平步青云/第124章 借题发挥.txt',4263,'2025-05-07 00:54:38','2025-05-07 00:54:38'),(125,46,125,'大张旗鼓','https://mediaminds.oss-cn-beijing.aliyuncs.com/book/平步青云/第125章 大张旗鼓.txt',3303,'2025-05-07 00:54:38','2025-05-07 00:54:38'),(126,46,126,'明显的圈套','https://mediaminds.oss-cn-beijing.aliyuncs.com/book/平步青云/第126章 明显的圈套.txt',3239,'2025-05-07 00:54:38','2025-05-07 00:54:38'),(127,46,127,'双龙记（上）','https://mediaminds.oss-cn-beijing.aliyuncs.com/book/平步青云/第127章 双龙记（上）.txt',3970,'2025-05-07 00:54:38','2025-05-07 00:54:38'),(128,46,128,'双龙记（中）','https://mediaminds.oss-cn-beijing.aliyuncs.com/book/平步青云/第128章  双龙记（中）.txt',3105,'2025-05-07 00:54:38','2025-05-07 00:54:38'),(129,46,129,'双龙记（下）','https://mediaminds.oss-cn-beijing.aliyuncs.com/book/平步青云/第129章 双龙记（下）.txt',4232,'2025-05-07 00:54:38','2025-05-07 00:54:38'),(130,46,130,'兄弟相聚','https://mediaminds.oss-cn-beijing.aliyuncs.com/book/平步青云/第130章 兄弟相聚.txt',4786,'2025-05-07 00:54:38','2025-05-07 00:54:38'),(131,46,131,'深夜突袭','https://mediaminds.oss-cn-beijing.aliyuncs.com/book/平步青云/第131章 深夜突袭.txt',3206,'2025-05-07 00:54:38','2025-05-07 00:54:38'),(132,46,132,'被困李家村','https://mediaminds.oss-cn-beijing.aliyuncs.com/book/平步青云/第132章 被困李家村.txt',3121,'2025-05-07 00:54:38','2025-05-07 00:54:38'),(133,46,133,'魏成龙来了','https://mediaminds.oss-cn-beijing.aliyuncs.com/book/平步青云/第133章 魏成龙来了.txt',4606,'2025-05-07 00:54:38','2025-05-07 00:54:38'),(134,46,134,'方案泄露','https://mediaminds.oss-cn-beijing.aliyuncs.com/book/平步青云/第134章 方案泄露.txt',3447,'2025-05-07 00:54:38','2025-05-07 00:54:38'),(135,46,135,'指名道姓','https://mediaminds.oss-cn-beijing.aliyuncs.com/book/平步青云/第135章 指名道姓.txt',4066,'2025-05-07 00:54:38','2025-05-07 00:54:38'),(136,46,136,'要政策不要钱','https://mediaminds.oss-cn-beijing.aliyuncs.com/book/平步青云/第136章  要政策不要钱.txt',4017,'2025-05-07 00:54:38','2025-05-07 00:54:38'),(137,46,137,'直接上热搜','https://mediaminds.oss-cn-beijing.aliyuncs.com/book/平步青云/第137章 直接上热搜.txt',3665,'2025-05-07 00:54:38','2025-05-07 00:54:38'),(138,46,138,'傻人有傻福【加更】','https://mediaminds.oss-cn-beijing.aliyuncs.com/book/平步青云/第138章 傻人有傻福【加更】.txt',5411,'2025-05-07 00:54:38','2025-05-07 00:54:38'),(139,46,139,'危机与转机','https://mediaminds.oss-cn-beijing.aliyuncs.com/book/平步青云/第139章 危机与转机.txt',3137,'2025-05-07 00:54:38','2025-05-07 00:54:38'),(140,46,140,'反间计【加更】','https://mediaminds.oss-cn-beijing.aliyuncs.com/book/平步青云/第140章 反间计【加更】.txt',4359,'2025-05-07 00:54:38','2025-05-07 00:54:38'),(141,46,141,'祸水东引','https://mediaminds.oss-cn-beijing.aliyuncs.com/book/平步青云/第141章 祸水东引.txt',3093,'2025-05-07 00:54:38','2025-05-07 00:54:38'),(142,46,142,'釜底抽薪','https://mediaminds.oss-cn-beijing.aliyuncs.com/book/平步青云/第142章  釜底抽薪.txt',3086,'2025-05-07 00:54:38','2025-05-07 00:54:38'),(143,46,143,'狗东西','https://mediaminds.oss-cn-beijing.aliyuncs.com/book/平步青云/第143章 狗东西.txt',3272,'2025-05-07 00:54:38','2025-05-07 00:54:38'),(144,46,144,'沈志杰评理【加更】','https://mediaminds.oss-cn-beijing.aliyuncs.com/book/平步青云/第144章 沈志杰评理【加更】.txt',3252,'2025-05-07 00:54:38','2025-05-07 00:54:38'),(145,46,145,'各打20大板','https://mediaminds.oss-cn-beijing.aliyuncs.com/book/平步青云/第145章 各打20大板.txt',3340,'2025-05-07 00:54:38','2025-05-07 00:54:38'),(146,46,146,'损人不利己【加更】','https://mediaminds.oss-cn-beijing.aliyuncs.com/book/平步青云/第146章 损人不利己【加更】.txt',3250,'2025-05-07 00:54:38','2025-05-07 00:54:38'),(147,46,147,'脸皮太厚【加更】','https://mediaminds.oss-cn-beijing.aliyuncs.com/book/平步青云/第147章 脸皮太厚【加更】.txt',3081,'2025-05-07 00:54:38','2025-05-07 00:54:38'),(148,46,148,'宋无敌大爆发','https://mediaminds.oss-cn-beijing.aliyuncs.com/book/平步青云/第148章 宋无敌大爆发.txt',3090,'2025-05-07 00:54:38','2025-05-07 00:54:38'),(149,46,149,'三人联手','https://mediaminds.oss-cn-beijing.aliyuncs.com/book/平步青云/第149章 三人联手.txt',3610,'2025-05-07 00:54:38','2025-05-07 00:54:38'),(150,46,150,'真正的底牌【加更】','https://mediaminds.oss-cn-beijing.aliyuncs.com/book/平步青云/第150章 真正的底牌【加更】.txt',3414,'2025-05-07 00:54:38','2025-05-07 00:54:38'),(151,46,151,'家国情怀','https://mediaminds.oss-cn-beijing.aliyuncs.com/book/平步青云/第151章 家国情怀.txt',3138,'2025-05-07 00:54:38','2025-05-07 00:54:38'),(152,46,152,'出人意料','https://mediaminds.oss-cn-beijing.aliyuncs.com/book/平步青云/第152章 出人意料.txt',3500,'2025-05-07 00:54:38','2025-05-07 00:54:38'),(153,46,153,'全面收割【加更】','https://mediaminds.oss-cn-beijing.aliyuncs.com/book/平步青云/第153章 全面收割【加更】.txt',3220,'2025-05-07 00:54:38','2025-05-07 00:54:38'),(154,46,154,'截胡【加更】','https://mediaminds.oss-cn-beijing.aliyuncs.com/book/平步青云/第154章 截胡【加更】.txt',4360,'2025-05-07 00:54:38','2025-05-07 00:54:38'),(155,46,155,'负荆请罪','https://mediaminds.oss-cn-beijing.aliyuncs.com/book/平步青云/第155章 负荆请罪.txt',3472,'2025-05-07 00:54:38','2025-05-07 00:54:38'),(156,46,156,'相逢一笑泯恩仇','https://mediaminds.oss-cn-beijing.aliyuncs.com/book/平步青云/第156章 相逢一笑泯恩仇.txt',5249,'2025-05-07 00:54:38','2025-05-07 00:54:38'),(157,46,157,'苗剑虎【加更】','https://mediaminds.oss-cn-beijing.aliyuncs.com/book/平步青云/第157章 苗剑虎【加更】.txt',4090,'2025-05-07 00:54:38','2025-05-07 00:54:38'),(158,46,158,'三人成虎','https://mediaminds.oss-cn-beijing.aliyuncs.com/book/平步青云/第158章 三人成虎.txt',3106,'2025-05-07 00:54:38','2025-05-07 00:54:38'),(159,46,159,'下马威（上）','https://mediaminds.oss-cn-beijing.aliyuncs.com/book/平步青云/第159章 下马威（上）.txt',3142,'2025-05-07 00:54:38','2025-05-07 00:54:38'),(160,46,160,'下马威（下）','https://mediaminds.oss-cn-beijing.aliyuncs.com/book/平步青云/第160章 下马威（下）.txt',3212,'2025-05-07 00:54:38','2025-05-07 00:54:38'),(161,46,161,'完败','https://mediaminds.oss-cn-beijing.aliyuncs.com/book/平步青云/第161章 完败.txt',3219,'2025-05-07 00:54:38','2025-05-07 00:54:38'),(162,46,162,'二连击','https://mediaminds.oss-cn-beijing.aliyuncs.com/book/平步青云/第162章 二连击.txt',3236,'2025-05-07 00:54:38','2025-05-07 00:54:38'),(163,46,163,'三连击','https://mediaminds.oss-cn-beijing.aliyuncs.com/book/平步青云/第163章 三连击.txt',3174,'2025-05-07 00:54:38','2025-05-07 00:54:38'),(164,46,164,'反手打脸','https://mediaminds.oss-cn-beijing.aliyuncs.com/book/平步青云/第164章 反手打脸.txt',5422,'2025-05-07 00:54:38','2025-05-07 00:54:38'),(165,46,165,'柳浩天的警告','https://mediaminds.oss-cn-beijing.aliyuncs.com/book/平步青云/第165章 柳浩天的警告.txt',3168,'2025-05-07 00:54:38','2025-05-07 00:54:38'),(166,46,166,'出名了','https://mediaminds.oss-cn-beijing.aliyuncs.com/book/平步青云/第166章 出名了.txt',5267,'2025-05-07 00:54:38','2025-05-07 00:54:38'),(167,46,167,'冲突再起','https://mediaminds.oss-cn-beijing.aliyuncs.com/book/平步青云/第167章 冲突再起.txt',3077,'2025-05-07 00:54:38','2025-05-07 00:54:38'),(168,46,168,'身份曝光','https://mediaminds.oss-cn-beijing.aliyuncs.com/book/平步青云/第168章 身份曝光.txt',3292,'2025-05-07 00:54:38','2025-05-07 00:54:38'),(169,46,169,'柳浩天的愤怒','https://mediaminds.oss-cn-beijing.aliyuncs.com/book/平步青云/第169章 柳浩天的愤怒.txt',3473,'2025-05-07 00:54:38','2025-05-07 00:54:38'),(170,46,170,'崔正泽的疯狂','https://mediaminds.oss-cn-beijing.aliyuncs.com/book/平步青云/第170章 崔正泽的疯狂.txt',3260,'2025-05-07 00:54:38','2025-05-07 00:54:38'),(171,46,171,'陆天明怒了','https://mediaminds.oss-cn-beijing.aliyuncs.com/book/平步青云/第171章 陆天明怒了.txt',3397,'2025-05-07 00:54:38','2025-05-07 00:54:38'),(172,46,172,'柳浩天晋级','https://mediaminds.oss-cn-beijing.aliyuncs.com/book/平步青云/第172章 柳浩天晋级.txt',3755,'2025-05-07 00:54:38','2025-05-07 00:54:38'),(173,46,173,'魏成龙的提点','https://mediaminds.oss-cn-beijing.aliyuncs.com/book/平步青云/第173章 魏成龙的提点.txt',3141,'2025-05-07 00:54:38','2025-05-07 00:54:38'),(174,46,174,'打擂台','https://mediaminds.oss-cn-beijing.aliyuncs.com/book/平步青云/第174章 打擂台.txt',3154,'2025-05-07 00:54:38','2025-05-07 00:54:38'),(175,46,175,'第一次交锋，平局','https://mediaminds.oss-cn-beijing.aliyuncs.com/book/平步青云/第175章 第一次交锋，平局.txt',3267,'2025-05-07 00:54:38','2025-05-07 00:54:38'),(176,46,176,'王巨才出手','https://mediaminds.oss-cn-beijing.aliyuncs.com/book/平步青云/第176章 王巨才出手.txt',3125,'2025-05-07 00:54:38','2025-05-07 00:54:38'),(177,46,177,'三兄弟','https://mediaminds.oss-cn-beijing.aliyuncs.com/book/平步青云/第177章 三兄弟.txt',4444,'2025-05-07 00:54:38','2025-05-07 00:54:38'),(178,46,178,'拖后腿','https://mediaminds.oss-cn-beijing.aliyuncs.com/book/平步青云/第178章 拖后腿.txt',3152,'2025-05-07 00:54:38','2025-05-07 00:54:38'),(179,46,179,'出师不利','https://mediaminds.oss-cn-beijing.aliyuncs.com/book/平步青云/第179章 出师不利.txt',3487,'2025-05-07 00:54:38','2025-05-07 00:54:38'),(180,46,180,'拍马屁','https://mediaminds.oss-cn-beijing.aliyuncs.com/book/平步青云/第180章 拍马屁.txt',3630,'2025-05-07 00:54:38','2025-05-07 00:54:38'),(181,46,181,'太极推手','https://mediaminds.oss-cn-beijing.aliyuncs.com/book/平步青云/第181章 太极推手.txt',3113,'2025-05-07 00:54:38','2025-05-07 00:54:38'),(182,46,182,'麻烦大了','https://mediaminds.oss-cn-beijing.aliyuncs.com/book/平步青云/第182章 麻烦大了.txt',3173,'2025-05-07 00:54:38','2025-05-07 00:54:38'),(183,46,183,'浮出水面','https://mediaminds.oss-cn-beijing.aliyuncs.com/book/平步青云/第183章 浮出水面.txt',3352,'2025-05-07 00:54:38','2025-05-07 00:54:38'),(184,46,184,'巧舌如簧','https://mediaminds.oss-cn-beijing.aliyuncs.com/book/平步青云/第184章 巧舌如簧.txt',3083,'2025-05-07 00:54:38','2025-05-07 00:54:38'),(185,46,185,'浑水摸鱼','https://mediaminds.oss-cn-beijing.aliyuncs.com/book/平步青云/第185章 浑水摸鱼.txt',3645,'2025-05-07 00:54:38','2025-05-07 00:54:38'),(186,46,186,'连锁反应','https://mediaminds.oss-cn-beijing.aliyuncs.com/book/平步青云/第186章 连锁反应.txt',3335,'2025-05-07 00:54:38','2025-05-07 00:54:38'),(187,46,187,'无间道','https://mediaminds.oss-cn-beijing.aliyuncs.com/book/平步青云/第187章 无间道.txt',3522,'2025-05-07 00:54:38','2025-05-07 00:54:38'),(188,46,188,'投资商上门','https://mediaminds.oss-cn-beijing.aliyuncs.com/book/平步青云/第188章 投资商上门.txt',3220,'2025-05-07 00:54:38','2025-05-07 00:54:38'),(189,46,189,'一箭双雕','https://mediaminds.oss-cn-beijing.aliyuncs.com/book/平步青云/第189章 一箭双雕.txt',3228,'2025-05-07 00:54:38','2025-05-07 00:54:38'),(190,46,190,'三个条件','https://mediaminds.oss-cn-beijing.aliyuncs.com/book/平步青云/第190章 三个条件.txt',4319,'2025-05-07 00:54:38','2025-05-07 00:54:38'),(191,46,191,'信息泄露','https://mediaminds.oss-cn-beijing.aliyuncs.com/book/平步青云/第191章  信息泄露.txt',3273,'2025-05-07 00:54:38','2025-05-07 00:54:38'),(192,46,192,'唇枪舌剑','https://mediaminds.oss-cn-beijing.aliyuncs.com/book/平步青云/第192章 唇枪舌剑.txt',3256,'2025-05-07 00:54:38','2025-05-07 00:54:38'),(193,46,193,'出人意料','https://mediaminds.oss-cn-beijing.aliyuncs.com/book/平步青云/第193章 出人意料.txt',3452,'2025-05-07 00:54:38','2025-05-07 00:54:38'),(194,46,194,'第1次联手','https://mediaminds.oss-cn-beijing.aliyuncs.com/book/平步青云/第194章 第1次联手.txt',3260,'2025-05-07 00:54:38','2025-05-07 00:54:38'),(195,46,195,'头大如斗','https://mediaminds.oss-cn-beijing.aliyuncs.com/book/平步青云/第195章  头大如斗.txt',3443,'2025-05-07 00:54:38','2025-05-07 00:54:38'),(196,46,196,'大公无私','https://mediaminds.oss-cn-beijing.aliyuncs.com/book/平步青云/第196章 大公无私.txt',4366,'2025-05-07 00:54:38','2025-05-07 00:54:38'),(197,46,197,'被孤立了','https://mediaminds.oss-cn-beijing.aliyuncs.com/book/平步青云/第197章 被孤立了.txt',3071,'2025-05-07 00:54:38','2025-05-07 00:54:38'),(198,46,198,'陷入困境','https://mediaminds.oss-cn-beijing.aliyuncs.com/book/平步青云/第198章 陷入困境.txt',4091,'2025-05-07 00:54:38','2025-05-07 00:54:38'),(199,46,199,'胆大包天','https://mediaminds.oss-cn-beijing.aliyuncs.com/book/平步青云/第199章 胆大包天.txt',3265,'2025-05-07 00:54:38','2025-05-07 00:54:38'),(200,46,200,'柳浩天受伤','https://mediaminds.oss-cn-beijing.aliyuncs.com/book/平步青云/第200章 柳浩天受伤.txt',3345,'2025-05-07 00:54:38','2025-05-07 00:54:38'),(201,46,201,'麻烦大了','https://mediaminds.oss-cn-beijing.aliyuncs.com/book/平步青云/第201章 麻烦大了.txt',3362,'2025-05-07 00:54:38','2025-05-07 00:54:38'),(202,46,202,'推责','https://mediaminds.oss-cn-beijing.aliyuncs.com/book/平步青云/第202章 推责.txt',3125,'2025-05-07 00:54:38','2025-05-07 00:54:38'),(203,46,203,'陷害','https://mediaminds.oss-cn-beijing.aliyuncs.com/book/平步青云/第203章 陷害.txt',603,'2025-05-07 00:54:38','2025-05-07 00:54:38'),(204,46,204,'束手束脚','https://mediaminds.oss-cn-beijing.aliyuncs.com/book/平步青云/第204章 束手束脚.txt',3208,'2025-05-07 00:54:38','2025-05-07 00:54:38'),(205,46,205,'反击契机','https://mediaminds.oss-cn-beijing.aliyuncs.com/book/平步青云/第205章 反击契机.txt',3236,'2025-05-07 00:54:38','2025-05-07 00:54:38'),(206,46,206,'自证清白（上）','https://mediaminds.oss-cn-beijing.aliyuncs.com/book/平步青云/第206章 自证清白（上）.txt',3090,'2025-05-07 00:54:38','2025-05-07 00:54:38'),(207,46,207,'自证清白（下）','https://mediaminds.oss-cn-beijing.aliyuncs.com/book/平步青云/第207章 自证清白（下）.txt',3118,'2025-05-07 00:54:38','2025-05-07 00:54:38'),(208,46,208,'艰巨的挑战','https://mediaminds.oss-cn-beijing.aliyuncs.com/book/平步青云/第208章 艰巨的挑战.txt',5732,'2025-05-07 00:54:38','2025-05-07 00:54:38'),(209,46,209,'严峻形势','https://mediaminds.oss-cn-beijing.aliyuncs.com/book/平步青云/第209章 严峻形势.txt',3371,'2025-05-07 00:54:38','2025-05-07 00:54:38'),(210,46,210,'谣言惑众【加更】','https://mediaminds.oss-cn-beijing.aliyuncs.com/book/平步青云/第210章 谣言惑众【加更】.txt',3152,'2025-05-07 00:54:38','2025-05-07 00:54:38'),(211,46,211,'当场叫板','https://mediaminds.oss-cn-beijing.aliyuncs.com/book/平步青云/第211章 当场叫板.txt',3092,'2025-05-07 00:54:38','2025-05-07 00:54:38'),(212,46,212,'凌厉反击','https://mediaminds.oss-cn-beijing.aliyuncs.com/book/平步青云/第212章 凌厉反击.txt',3643,'2025-05-07 00:54:38','2025-05-07 00:54:38'),(213,46,213,'投名状','https://mediaminds.oss-cn-beijing.aliyuncs.com/book/平步青云/第213章 投名状.txt',3721,'2025-05-07 00:54:38','2025-05-07 00:54:38'),(214,46,214,'鸿门宴','https://mediaminds.oss-cn-beijing.aliyuncs.com/book/平步青云/第214章 鸿门宴.txt',3165,'2025-05-07 00:54:38','2025-05-07 00:54:38'),(215,46,215,'陷阱在哪里？','https://mediaminds.oss-cn-beijing.aliyuncs.com/book/平步青云/第215章 陷阱在哪里？.txt',3156,'2025-05-07 00:54:38','2025-05-07 00:54:38'),(216,46,216,'名声受损','https://mediaminds.oss-cn-beijing.aliyuncs.com/book/平步青云/第216章  名声受损.txt',3333,'2025-05-07 00:54:38','2025-05-07 00:54:38'),(217,46,217,'意外之喜','https://mediaminds.oss-cn-beijing.aliyuncs.com/book/平步青云/第217章 意外之喜.txt',3800,'2025-05-07 00:54:38','2025-05-07 00:54:38'),(218,46,218,'阳谋之局','https://mediaminds.oss-cn-beijing.aliyuncs.com/book/平步青云/第218章 阳谋之局.txt',3227,'2025-05-07 00:54:38','2025-05-07 00:54:38'),(219,46,219,'顺势而为','https://mediaminds.oss-cn-beijing.aliyuncs.com/book/平步青云/第219章 顺势而为.txt',3094,'2025-05-07 00:54:38','2025-05-07 00:54:38'),(220,46,220,'困局中的转机','https://mediaminds.oss-cn-beijing.aliyuncs.com/book/平步青云/第220章  困局中的转机.txt',3212,'2025-05-07 00:54:38','2025-05-07 00:54:38'),(221,46,221,'柳浩天的质问','https://mediaminds.oss-cn-beijing.aliyuncs.com/book/平步青云/第221章 柳浩天的质问.txt',3210,'2025-05-07 00:54:38','2025-05-07 00:54:38'),(222,46,222,'人格魅力','https://mediaminds.oss-cn-beijing.aliyuncs.com/book/平步青云/第222章 人格魅力.txt',4574,'2025-05-07 00:54:38','2025-05-07 00:54:38'),(223,46,223,'再立军令状','https://mediaminds.oss-cn-beijing.aliyuncs.com/book/平步青云/第223章 再立军令状.txt',4124,'2025-05-07 00:54:38','2025-05-07 00:54:38'),(224,46,224,'演戏高手','https://mediaminds.oss-cn-beijing.aliyuncs.com/book/平步青云/第224章 演戏高手.txt',3327,'2025-05-07 00:54:38','2025-05-07 00:54:38'),(225,46,225,'翻手为云','https://mediaminds.oss-cn-beijing.aliyuncs.com/book/平步青云/第225章 翻手为云.txt',5589,'2025-05-07 00:54:38','2025-05-07 00:54:38'),(226,46,226,'经济刺客','https://mediaminds.oss-cn-beijing.aliyuncs.com/book/平步青云/第226章 经济刺客.txt',3403,'2025-05-07 00:54:38','2025-05-07 00:54:38'),(227,46,227,'内部的裂痕','https://mediaminds.oss-cn-beijing.aliyuncs.com/book/平步青云/第227章 内部的裂痕.txt',3255,'2025-05-07 00:54:38','2025-05-07 00:54:38'),(228,46,228,'挥泪斩马谡','https://mediaminds.oss-cn-beijing.aliyuncs.com/book/平步青云/第228章 挥泪斩马谡.txt',4156,'2025-05-07 00:54:38','2025-05-07 00:54:38'),(229,46,229,'谈判','https://mediaminds.oss-cn-beijing.aliyuncs.com/book/平步青云/第229章 谈判.txt',3149,'2025-05-07 00:54:38','2025-05-07 00:54:38'),(230,46,230,'阴招迭出','https://mediaminds.oss-cn-beijing.aliyuncs.com/book/平步青云/第230章 阴招迭出.txt',3737,'2025-05-07 00:54:38','2025-05-07 00:54:38'),(231,46,231,'柳浩天发飙','https://mediaminds.oss-cn-beijing.aliyuncs.com/book/平步青云/第231章 柳浩天发飙.txt',3557,'2025-05-07 00:54:38','2025-05-07 00:54:38'),(232,46,232,'200万的困惑','https://mediaminds.oss-cn-beijing.aliyuncs.com/book/平步青云/第232章 200万的困惑.txt',3061,'2025-05-07 00:54:38','2025-05-07 00:54:38'),(233,46,233,'阴招','https://mediaminds.oss-cn-beijing.aliyuncs.com/book/平步青云/第233章 阴招.txt',3317,'2025-05-07 00:54:38','2025-05-07 00:54:38'),(234,46,234,'必输之局','https://mediaminds.oss-cn-beijing.aliyuncs.com/book/平步青云/第234章 必输之局.txt',5187,'2025-05-07 00:54:38','2025-05-07 00:54:38'),(235,46,235,'不好惹的女人','https://mediaminds.oss-cn-beijing.aliyuncs.com/book/平步青云/第235章 不好惹的女人.txt',3413,'2025-05-07 00:54:38','2025-05-07 00:54:38'),(236,46,236,'密谋与算计','https://mediaminds.oss-cn-beijing.aliyuncs.com/book/平步青云/第236章 密谋与算计.txt',4157,'2025-05-07 00:54:38','2025-05-07 00:54:38'),(237,46,237,'驱狼逐虎','https://mediaminds.oss-cn-beijing.aliyuncs.com/book/平步青云/第237章 驱狼逐虎.txt',3112,'2025-05-07 00:54:38','2025-05-07 00:54:38'),(238,46,238,'线索初露','https://mediaminds.oss-cn-beijing.aliyuncs.com/book/平步青云/第238章线索初露.txt',3158,'2025-05-07 00:54:38','2025-05-07 00:54:38'),(239,46,239,'一查到底','https://mediaminds.oss-cn-beijing.aliyuncs.com/book/平步青云/第239章 一查到底.txt',3266,'2025-05-07 00:54:38','2025-05-07 00:54:38'),(240,46,240,'当场质问','https://mediaminds.oss-cn-beijing.aliyuncs.com/book/平步青云/第240章 当场质问.txt',3088,'2025-05-07 00:54:38','2025-05-07 00:54:38'),(241,46,241,'突出奇招','https://mediaminds.oss-cn-beijing.aliyuncs.com/book/平步青云/第241章 突出奇招.txt',3074,'2025-05-07 00:54:38','2025-05-07 00:54:38'),(242,46,242,'再陷困局','https://mediaminds.oss-cn-beijing.aliyuncs.com/book/平步青云/第242章 再陷困局.txt',3352,'2025-05-07 00:54:38','2025-05-07 00:54:38'),(243,46,243,'别出心裁','https://mediaminds.oss-cn-beijing.aliyuncs.com/book/平步青云/第243章 别出心裁.txt',3221,'2025-05-07 00:54:38','2025-05-07 00:54:38'),(244,46,244,'摘桃子','https://mediaminds.oss-cn-beijing.aliyuncs.com/book/平步青云/第244章 摘桃子.txt',3237,'2025-05-07 00:54:38','2025-05-07 00:54:38'),(245,46,245,'难题','https://mediaminds.oss-cn-beijing.aliyuncs.com/book/平步青云/第245章 难题.txt',3787,'2025-05-07 00:54:38','2025-05-07 00:54:38'),(246,46,246,'抄袭方案','https://mediaminds.oss-cn-beijing.aliyuncs.com/book/平步青云/第246章 抄袭方案.txt',3225,'2025-05-07 00:54:38','2025-05-07 00:54:38'),(247,46,247,'打抱不平','https://mediaminds.oss-cn-beijing.aliyuncs.com/book/平步青云/第247章 打抱不平.txt',3176,'2025-05-07 00:54:38','2025-05-07 00:54:38'),(248,46,248,'张鹏涛的挑衅','https://mediaminds.oss-cn-beijing.aliyuncs.com/book/平步青云/第248章 张鹏涛的挑衅.txt',3155,'2025-05-07 00:54:38','2025-05-07 00:54:38'),(249,46,249,'自找麻烦','https://mediaminds.oss-cn-beijing.aliyuncs.com/book/平步青云/第249章 自找麻烦.txt',3081,'2025-05-07 00:54:38','2025-05-07 00:54:38'),(250,46,250,'相亲（上）','https://mediaminds.oss-cn-beijing.aliyuncs.com/book/平步青云/第250章 相亲（上）.txt',5402,'2025-05-07 00:54:38','2025-05-07 00:54:38'),(251,46,251,'相亲（中）【加更求推荐票】','https://mediaminds.oss-cn-beijing.aliyuncs.com/book/平步青云/第251章 相亲（中）【加更求推荐票】.txt',3483,'2025-05-07 00:54:38','2025-05-07 00:54:38'),(252,46,252,'相亲（下）','https://mediaminds.oss-cn-beijing.aliyuncs.com/book/平步青云/第252章 相亲（下）.txt',3179,'2025-05-07 00:54:38','2025-05-07 00:54:38'),(253,46,253,'老一辈的恩怨','https://mediaminds.oss-cn-beijing.aliyuncs.com/book/平步青云/第253章 老一辈的恩怨.txt',4091,'2025-05-07 00:54:38','2025-05-07 00:54:38'),(254,46,254,'曹淑慧的要求','https://mediaminds.oss-cn-beijing.aliyuncs.com/book/平步青云/第254章 曹淑慧的要求.txt',3233,'2025-05-07 00:54:38','2025-05-07 00:54:38'),(255,46,255,'杨家风云','https://mediaminds.oss-cn-beijing.aliyuncs.com/book/平步青云/第255章 杨家风云.txt',3228,'2025-05-07 00:54:38','2025-05-07 00:54:38'),(256,46,256,'狂怼林瑞东【加更求推荐票】','https://mediaminds.oss-cn-beijing.aliyuncs.com/book/平步青云/第256章 狂怼林瑞东【加更求推荐票】.txt',3239,'2025-05-07 00:54:38','2025-05-07 00:54:38'),(257,46,257,'丑媳妇见公婆','https://mediaminds.oss-cn-beijing.aliyuncs.com/book/平步青云/第257章 丑媳妇见公婆.txt',5294,'2025-05-07 00:54:38','2025-05-07 00:54:38'),(258,46,258,'救火队长','https://mediaminds.oss-cn-beijing.aliyuncs.com/book/平步青云/第258章 救火队长.txt',3307,'2025-05-07 00:54:38','2025-05-07 00:54:38'),(259,46,259,'主动挑衅【加更求推荐票】','https://mediaminds.oss-cn-beijing.aliyuncs.com/book/平步青云/第259章 主动挑衅【加更求推荐票】.txt',3474,'2025-05-07 00:54:38','2025-05-07 00:54:38'),(260,46,260,'底牌泄露','https://mediaminds.oss-cn-beijing.aliyuncs.com/book/平步青云/第260章 底牌泄露.txt',3086,'2025-05-07 00:54:38','2025-05-07 00:54:38'),(261,46,261,'品茶论道','https://mediaminds.oss-cn-beijing.aliyuncs.com/book/平步青云/第261章 品茶论道.txt',3403,'2025-05-07 00:54:38','2025-05-07 00:54:38'),(262,46,262,'老狐狸','https://mediaminds.oss-cn-beijing.aliyuncs.com/book/平步青云/第262章 老狐狸.txt',3278,'2025-05-07 00:54:38','2025-05-07 00:54:38'),(263,46,263,'柳浩天暴怒','https://mediaminds.oss-cn-beijing.aliyuncs.com/book/平步青云/第263章 柳浩天暴怒.txt',3478,'2025-05-07 00:54:38','2025-05-07 00:54:38'),(264,46,264,'围剿联盟','https://mediaminds.oss-cn-beijing.aliyuncs.com/book/平步青云/第264章 围剿联盟.txt',3739,'2025-05-07 00:54:38','2025-05-07 00:54:38'),(265,46,265,'见招拆招','https://mediaminds.oss-cn-beijing.aliyuncs.com/book/平步青云/第265章 见招拆招.txt',3378,'2025-05-07 00:54:38','2025-05-07 00:54:38'),(266,46,266,'交易','https://mediaminds.oss-cn-beijing.aliyuncs.com/book/平步青云/第266章 交易.txt',3627,'2025-05-07 00:54:38','2025-05-07 00:54:38'),(267,46,267,'魏成龙再出阴招','https://mediaminds.oss-cn-beijing.aliyuncs.com/book/平步青云/第267章 魏成龙再出阴招.txt',4335,'2025-05-07 00:54:38','2025-05-07 00:54:38'),(268,46,268,'争先道歉（上）','https://mediaminds.oss-cn-beijing.aliyuncs.com/book/平步青云/第268章 争先道歉（上）.txt',3116,'2025-05-07 00:54:38','2025-05-07 00:54:38'),(269,46,269,'争先道歉（下）','https://mediaminds.oss-cn-beijing.aliyuncs.com/book/平步青云/第269章 争先道歉（下）.txt',4367,'2025-05-07 00:54:38','2025-05-07 00:54:38'),(270,46,270,'魏成虎之怒','https://mediaminds.oss-cn-beijing.aliyuncs.com/book/平步青云/第270章 魏成虎之怒.txt',3190,'2025-05-07 00:54:38','2025-05-07 00:54:38'),(271,46,271,'危机潜伏','https://mediaminds.oss-cn-beijing.aliyuncs.com/book/平步青云/第271章 危机潜伏.txt',3075,'2025-05-07 00:54:38','2025-05-07 00:54:38'),(272,46,272,'两条道路','https://mediaminds.oss-cn-beijing.aliyuncs.com/book/平步青云/第272章 两条道路.txt',6326,'2025-05-07 00:54:38','2025-05-07 00:54:38'),(273,46,273,'被打脸','https://mediaminds.oss-cn-beijing.aliyuncs.com/book/平步青云/第273章 被打脸.txt',3236,'2025-05-07 00:54:38','2025-05-07 00:54:38'),(274,46,274,'借刀杀人','https://mediaminds.oss-cn-beijing.aliyuncs.com/book/平步青云/第274章 借刀杀人.txt',3208,'2025-05-07 00:54:38','2025-05-07 00:54:38'),(275,46,275,'亲自拜访','https://mediaminds.oss-cn-beijing.aliyuncs.com/book/平步青云/第275章 亲自拜访.txt',3122,'2025-05-07 00:54:38','2025-05-07 00:54:38'),(276,46,276,'指鹿为马【加更求推荐票和应援】','https://mediaminds.oss-cn-beijing.aliyuncs.com/book/平步青云/第276章 指鹿为马【加更求推荐票和应援】.txt',3278,'2025-05-07 00:54:38','2025-05-07 00:54:38'),(277,46,277,'失望的痛斥','https://mediaminds.oss-cn-beijing.aliyuncs.com/book/平步青云/第277章 失望的痛斥.txt',3625,'2025-05-07 00:54:38','2025-05-07 00:54:38'),(278,46,278,'破局之道','https://mediaminds.oss-cn-beijing.aliyuncs.com/book/平步青云/第278章 破局之道.txt',3582,'2025-05-07 00:54:38','2025-05-07 00:54:38'),(279,46,279,'一夫当关万夫莫开','https://mediaminds.oss-cn-beijing.aliyuncs.com/book/平步青云/第279章 一夫当关万夫莫开.txt',3622,'2025-05-07 00:54:38','2025-05-07 00:54:38'),(280,46,280,'激将法','https://mediaminds.oss-cn-beijing.aliyuncs.com/book/平步青云/第280章 激将法.txt',4214,'2025-05-07 00:54:38','2025-05-07 00:54:38'),(281,46,281,'疯狂的柳浩天','https://mediaminds.oss-cn-beijing.aliyuncs.com/book/平步青云/第281章 疯狂的柳浩天.txt',3602,'2025-05-07 00:54:38','2025-05-07 00:54:38'),(282,46,282,'震撼全场（上）','https://mediaminds.oss-cn-beijing.aliyuncs.com/book/平步青云/第282章 震撼全场（上）.txt',3305,'2025-05-07 00:54:38','2025-05-07 00:54:38'),(283,46,283,'震撼全场（下）','https://mediaminds.oss-cn-beijing.aliyuncs.com/book/平步青云/第283章 震撼全场（下）.txt',3141,'2025-05-07 00:54:38','2025-05-07 00:54:38'),(284,46,284,'挖墙脚','https://mediaminds.oss-cn-beijing.aliyuncs.com/book/平步青云/第284章 挖墙脚.txt',3664,'2025-05-07 00:54:38','2025-05-07 00:54:38'),(285,46,285,'孟庆虎的机会','https://mediaminds.oss-cn-beijing.aliyuncs.com/book/平步青云/第285章 孟庆虎的机会.txt',4324,'2025-05-07 00:54:38','2025-05-07 00:54:38'),(286,46,286,'魏成虎的挑衅','https://mediaminds.oss-cn-beijing.aliyuncs.com/book/平步青云/第286章 魏成虎的挑衅.txt',3110,'2025-05-07 00:54:38','2025-05-07 00:54:38'),(287,46,287,'激烈交锋【加更求推荐票】','https://mediaminds.oss-cn-beijing.aliyuncs.com/book/平步青云/第287章 激烈交锋【加更求推荐票】.txt',3450,'2025-05-07 00:54:38','2025-05-07 00:54:38'),(288,46,288,'绝地反击','https://mediaminds.oss-cn-beijing.aliyuncs.com/book/平步青云/第288章 绝地反击.txt',4113,'2025-05-07 00:54:38','2025-05-07 00:54:38'),(289,46,289,'柳浩天的意图','https://mediaminds.oss-cn-beijing.aliyuncs.com/book/平步青云/第289章 柳浩天的意图.txt',3234,'2025-05-07 00:54:38','2025-05-07 00:54:38'),(290,46,290,'强烈怒斥（上）','https://mediaminds.oss-cn-beijing.aliyuncs.com/book/平步青云/第290章 强烈怒斥（上）.txt',3199,'2025-05-07 00:54:38','2025-05-07 00:54:38'),(291,46,291,'强烈怒斥（下）','https://mediaminds.oss-cn-beijing.aliyuncs.com/book/平步青云/第291章 强烈怒斥（下）.txt',3242,'2025-05-07 00:54:38','2025-05-07 00:54:38'),(292,46,292,'矛盾加深','https://mediaminds.oss-cn-beijing.aliyuncs.com/book/平步青云/第292章 矛盾加深.txt',3320,'2025-05-07 00:54:38','2025-05-07 00:54:38'),(293,46,293,'发飙（上）','https://mediaminds.oss-cn-beijing.aliyuncs.com/book/平步青云/第293章 发飙（上）.txt',3044,'2025-05-07 00:54:38','2025-05-07 00:54:38'),(294,46,294,'发飙（下）','https://mediaminds.oss-cn-beijing.aliyuncs.com/book/平步青云/第294章 发飙（下）.txt',3387,'2025-05-07 00:54:38','2025-05-07 00:54:38'),(295,46,295,'三面敌围','https://mediaminds.oss-cn-beijing.aliyuncs.com/book/平步青云/第295章 三面敌围.txt',3687,'2025-05-07 00:54:38','2025-05-07 00:54:38'),(296,46,296,'金蝉脱壳','https://mediaminds.oss-cn-beijing.aliyuncs.com/book/平步青云/第296章 金蝉脱壳.txt',3338,'2025-05-07 00:54:38','2025-05-07 00:54:38'),(297,46,297,'各怀鬼胎','https://mediaminds.oss-cn-beijing.aliyuncs.com/book/平步青云/第297章 各怀鬼胎.txt',3212,'2025-05-07 00:54:38','2025-05-07 00:54:38'),(298,46,298,'林芊芊受伤','https://mediaminds.oss-cn-beijing.aliyuncs.com/book/平步青云/第298章 林芊芊受伤.txt',3250,'2025-05-07 00:54:38','2025-05-07 00:54:38'),(299,46,299,'四面楚歌','https://mediaminds.oss-cn-beijing.aliyuncs.com/book/平步青云/第299章 四面楚歌.txt',3417,'2025-05-07 00:54:38','2025-05-07 00:54:38'),(300,46,300,'被罢免','https://mediaminds.oss-cn-beijing.aliyuncs.com/book/平步青云/第300章 被罢免.txt',3200,'2025-05-07 00:54:38','2025-05-07 00:54:38'),(301,46,301,'严智雄的怒斥','https://mediaminds.oss-cn-beijing.aliyuncs.com/book/平步青云/第301章 严智雄的怒斥.txt',3249,'2025-05-07 00:54:38','2025-05-07 00:54:38'),(302,46,302,'柳浩天的反击','https://mediaminds.oss-cn-beijing.aliyuncs.com/book/平步青云/第302章 柳浩天的反击.txt',3580,'2025-05-07 00:54:38','2025-05-07 00:54:38'),(303,46,303,'空降降龙县','https://mediaminds.oss-cn-beijing.aliyuncs.com/book/平步青云/第303章 空降降龙县.txt',6458,'2025-05-07 00:54:38','2025-05-07 00:54:38'),(304,46,304,'摩擦初起【加更求推荐票】','https://mediaminds.oss-cn-beijing.aliyuncs.com/book/平步青云/第304章 摩擦初起【加更求推荐票】.txt',3312,'2025-05-07 00:54:38','2025-05-07 00:54:38'),(305,46,305,'强势回应','https://mediaminds.oss-cn-beijing.aliyuncs.com/book/平步青云/第305章 强势回应.txt',3451,'2025-05-07 00:54:38','2025-05-07 00:54:38'),(306,46,306,'阳谋的陷阱','https://mediaminds.oss-cn-beijing.aliyuncs.com/book/平步青云/第306章 阳谋的陷阱.txt',3325,'2025-05-07 00:54:38','2025-05-07 00:54:38'),(307,46,307,'段正涛','https://mediaminds.oss-cn-beijing.aliyuncs.com/book/平步青云/第307章 段正涛.txt',3220,'2025-05-07 00:54:38','2025-05-07 00:54:38'),(308,46,308,'不给面子','https://mediaminds.oss-cn-beijing.aliyuncs.com/book/平步青云/第308章 不给面子.txt',3430,'2025-05-07 00:54:38','2025-05-07 00:54:38'),(309,46,309,'柳浩天的杀手锏','https://mediaminds.oss-cn-beijing.aliyuncs.com/book/平步青云/第309章 柳浩天的杀手锏.txt',3821,'2025-05-07 00:54:38','2025-05-07 00:54:38'),(310,46,310,'必死之局','https://mediaminds.oss-cn-beijing.aliyuncs.com/book/平步青云/第310章 必死之局.txt',3678,'2025-05-07 00:54:38','2025-05-07 00:54:38'),(311,46,311,'挑衅','https://mediaminds.oss-cn-beijing.aliyuncs.com/book/平步青云/第311章 挑衅.txt',4253,'2025-05-07 00:54:38','2025-05-07 00:54:38'),(312,46,312,'踩脸','https://mediaminds.oss-cn-beijing.aliyuncs.com/book/平步青云/第312章 踩脸.txt',3113,'2025-05-07 00:54:38','2025-05-07 00:54:38'),(313,46,313,'绝不道歉','https://mediaminds.oss-cn-beijing.aliyuncs.com/book/平步青云/第313章 绝不道歉.txt',3231,'2025-05-07 00:54:38','2025-05-07 00:54:38'),(314,46,314,'记大过处分','https://mediaminds.oss-cn-beijing.aliyuncs.com/book/平步青云/第314章 记大过处分.txt',3396,'2025-05-07 00:54:38','2025-05-07 00:54:38'),(315,46,315,'欺人太甚','https://mediaminds.oss-cn-beijing.aliyuncs.com/book/平步青云/第315章 欺人太甚.txt',3485,'2025-05-07 00:54:38','2025-05-07 00:54:38'),(316,46,316,'柳浩天被打脸','https://mediaminds.oss-cn-beijing.aliyuncs.com/book/平步青云/第316章 柳浩天被打脸.txt',3722,'2025-05-07 00:54:38','2025-05-07 00:54:38'),(317,46,317,'项目里的阴谋','https://mediaminds.oss-cn-beijing.aliyuncs.com/book/平步青云/第317章 项目里的阴谋.txt',4305,'2025-05-07 00:54:38','2025-05-07 00:54:38'),(318,46,318,'为柳浩天下套','https://mediaminds.oss-cn-beijing.aliyuncs.com/book/平步青云/第318章 为柳浩天下套.txt',3621,'2025-05-07 00:54:38','2025-05-07 00:54:38'),(319,46,319,'怒火燃烧','https://mediaminds.oss-cn-beijing.aliyuncs.com/book/平步青云/第319章 怒火燃烧.txt',3109,'2025-05-07 00:54:38','2025-05-07 00:54:38'),(320,46,320,'喝闷酒','https://mediaminds.oss-cn-beijing.aliyuncs.com/book/平步青云/第320章 喝闷酒.txt',4170,'2025-05-07 00:54:38','2025-05-07 00:54:38'),(321,46,321,'敲打柳浩天','https://mediaminds.oss-cn-beijing.aliyuncs.com/book/平步青云/第321章 敲打柳浩天.txt',3616,'2025-05-07 00:54:38','2025-05-07 00:54:38'),(322,46,322,'糟糕的方案','https://mediaminds.oss-cn-beijing.aliyuncs.com/book/平步青云/第322章 糟糕的方案.txt',3493,'2025-05-07 00:54:38','2025-05-07 00:54:38'),(323,46,323,'史蒂夫的阴谋【加更】','https://mediaminds.oss-cn-beijing.aliyuncs.com/book/平步青云/第323章 史蒂夫的阴谋【加更】.txt',3212,'2025-05-07 00:54:38','2025-05-07 00:54:38'),(324,46,324,'出手反制（上）','https://mediaminds.oss-cn-beijing.aliyuncs.com/book/平步青云/第324章 出手反制（上）.txt',3496,'2025-05-07 00:54:38','2025-05-07 00:54:38'),(325,46,325,'出手反制（中）','https://mediaminds.oss-cn-beijing.aliyuncs.com/book/平步青云/第325章出手反制（中）.txt',3798,'2025-05-07 00:54:38','2025-05-07 00:54:38'),(326,46,326,'出手反制（下）','https://mediaminds.oss-cn-beijing.aliyuncs.com/book/平步青云/第326章出手反制（下）.txt',3323,'2025-05-07 00:54:38','2025-05-07 00:54:38'),(327,46,327,'人傻钱多','https://mediaminds.oss-cn-beijing.aliyuncs.com/book/平步青云/第327章 人傻钱多.txt',3382,'2025-05-07 00:54:38','2025-05-07 00:54:38'),(328,46,328,'司马谋','https://mediaminds.oss-cn-beijing.aliyuncs.com/book/平步青云/第328章 司马谋.txt',4461,'2025-05-07 00:54:38','2025-05-07 00:54:38'),(329,46,329,'智取司马谋','https://mediaminds.oss-cn-beijing.aliyuncs.com/book/平步青云/第329章 智取司马谋.txt',7170,'2025-05-07 00:54:38','2025-05-07 00:54:38'),(330,46,330,'格致斋斋主','https://mediaminds.oss-cn-beijing.aliyuncs.com/book/平步青云/第330章 格致斋斋主.txt',3404,'2025-05-07 00:54:38','2025-05-07 00:54:38'),(331,46,331,'被坑惨了','https://mediaminds.oss-cn-beijing.aliyuncs.com/book/平步青云/第331章被坑惨了.txt',3127,'2025-05-07 00:54:38','2025-05-07 00:54:38'),(332,46,332,'激将法','https://mediaminds.oss-cn-beijing.aliyuncs.com/book/平步青云/第332章 激将法.txt',7147,'2025-05-07 00:54:38','2025-05-07 00:54:38'),(333,46,333,'上了贼船','https://mediaminds.oss-cn-beijing.aliyuncs.com/book/平步青云/第333章 上了贼船.txt',3176,'2025-05-07 00:54:38','2025-05-07 00:54:38'),(334,46,334,'叫板高鹏飞','https://mediaminds.oss-cn-beijing.aliyuncs.com/book/平步青云/第334章 叫板高鹏飞.txt',3581,'2025-05-07 00:54:38','2025-05-07 00:54:38'),(335,46,335,'项目停滞','https://mediaminds.oss-cn-beijing.aliyuncs.com/book/平步青云/第335章 项目停滞.txt',3213,'2025-05-07 00:54:38','2025-05-07 00:54:38'),(336,46,336,'短兵相交','https://mediaminds.oss-cn-beijing.aliyuncs.com/book/平步青云/第336章 短兵相交.txt',3347,'2025-05-07 00:54:38','2025-05-07 00:54:38'),(337,46,337,'史蒂夫的挑衅','https://mediaminds.oss-cn-beijing.aliyuncs.com/book/平步青云/第337章 史蒂夫的挑衅.txt',4198,'2025-05-07 00:54:38','2025-05-07 00:54:38'),(338,46,338,'降维打击','https://mediaminds.oss-cn-beijing.aliyuncs.com/book/平步青云/第338章 降维打击.txt',4261,'2025-05-07 00:54:38','2025-05-07 00:54:38'),(339,46,339,'过桥资金','https://mediaminds.oss-cn-beijing.aliyuncs.com/book/平步青云/第339章 过桥资金.txt',3176,'2025-05-07 00:54:38','2025-05-07 00:54:38'),(340,46,340,'重拳出击','https://mediaminds.oss-cn-beijing.aliyuncs.com/book/平步青云/第340章 重拳出击.txt',3421,'2025-05-07 00:54:38','2025-05-07 00:54:38'),(341,46,341,'柳浩天的绝杀','https://mediaminds.oss-cn-beijing.aliyuncs.com/book/平步青云/第341章 柳浩天的绝杀.txt',4442,'2025-05-07 00:54:38','2025-05-07 00:54:38'),(342,46,342,'关门打狗','https://mediaminds.oss-cn-beijing.aliyuncs.com/book/平步青云/第342章 关门打狗.txt',3598,'2025-05-07 00:54:38','2025-05-07 00:54:38'),(343,46,343,'调虎离山','https://mediaminds.oss-cn-beijing.aliyuncs.com/book/平步青云/第343章 调虎离山.txt',4493,'2025-05-07 00:54:38','2025-05-07 00:54:38'),(344,46,344,'高傲的宋瑞强','https://mediaminds.oss-cn-beijing.aliyuncs.com/book/平步青云/第344章 高傲的宋瑞强.txt',3342,'2025-05-07 00:54:38','2025-05-07 00:54:38'),(345,46,345,'林芊芊的态度','https://mediaminds.oss-cn-beijing.aliyuncs.com/book/平步青云/第345章 林芊芊的态度.txt',3104,'2025-05-07 00:54:38','2025-05-07 00:54:38'),(346,46,346,'梁公子','https://mediaminds.oss-cn-beijing.aliyuncs.com/book/平步青云/第346章 梁公子.txt',3181,'2025-05-07 00:54:38','2025-05-07 00:54:38'),(347,46,347,'得罪猛人','https://mediaminds.oss-cn-beijing.aliyuncs.com/book/平步青云/第347章 得罪猛人.txt',5135,'2025-05-07 00:54:38','2025-05-07 00:54:38'),(348,46,348,'给柳浩天挖坑','https://mediaminds.oss-cn-beijing.aliyuncs.com/book/平步青云/第348章 给柳浩天挖坑.txt',3616,'2025-05-07 00:54:38','2025-05-07 00:54:38'),(349,46,349,'肿胀的脸','https://mediaminds.oss-cn-beijing.aliyuncs.com/book/平步青云/第349章 肿胀的脸.txt',3663,'2025-05-07 00:54:38','2025-05-07 00:54:38'),(350,46,350,'宋瑞强的陷阱','https://mediaminds.oss-cn-beijing.aliyuncs.com/book/平步青云/第350章 宋瑞强的陷阱.txt',3191,'2025-05-07 00:54:38','2025-05-07 00:54:38'),(351,46,351,'质疑权威','https://mediaminds.oss-cn-beijing.aliyuncs.com/book/平步青云/第351章 质疑权威.txt',3199,'2025-05-07 00:54:38','2025-05-07 00:54:38'),(352,46,352,'告状','https://mediaminds.oss-cn-beijing.aliyuncs.com/book/平步青云/第352章 告状.txt',3612,'2025-05-07 00:54:38','2025-05-07 00:54:38'),(353,46,353,'强势翻转','https://mediaminds.oss-cn-beijing.aliyuncs.com/book/平步青云/第353章 强势翻转.txt',3482,'2025-05-07 00:54:38','2025-05-07 00:54:38'),(354,46,354,'班长之争','https://mediaminds.oss-cn-beijing.aliyuncs.com/book/平步青云/第354章 班长之争.txt',3653,'2025-05-07 00:54:38','2025-05-07 00:54:38'),(355,46,355,'三句话','https://mediaminds.oss-cn-beijing.aliyuncs.com/book/平步青云/第355章 三句话.txt',3274,'2025-05-07 00:54:38','2025-05-07 00:54:38'),(356,46,356,'现场打脸','https://mediaminds.oss-cn-beijing.aliyuncs.com/book/平步青云/第356章 现场打脸.txt',3439,'2025-05-07 00:54:38','2025-05-07 00:54:38'),(357,46,357,'无心插柳','https://mediaminds.oss-cn-beijing.aliyuncs.com/book/平步青云/第357章 无心插柳.txt',3299,'2025-05-07 00:54:38','2025-05-07 00:54:38'),(358,46,358,'如坠冰窟【加更】','https://mediaminds.oss-cn-beijing.aliyuncs.com/book/平步青云/第358章 如坠冰窟【加更】.txt',3328,'2025-05-07 00:54:38','2025-05-07 00:54:38'),(359,46,359,'发牢骚','https://mediaminds.oss-cn-beijing.aliyuncs.com/book/平步青云/第359章 发牢骚.txt',3442,'2025-05-07 00:54:38','2025-05-07 00:54:38'),(360,46,360,'批评领导','https://mediaminds.oss-cn-beijing.aliyuncs.com/book/平步青云/第360章 批评领导.txt',3112,'2025-05-07 00:54:38','2025-05-07 00:54:38'),(361,46,361,'一针见血【加更】','https://mediaminds.oss-cn-beijing.aliyuncs.com/book/平步青云/第361章 一针见血【加更】.txt',3326,'2025-05-07 00:54:38','2025-05-07 00:54:38'),(362,46,362,'突然离开','https://mediaminds.oss-cn-beijing.aliyuncs.com/book/平步青云/第362章 突然离开.txt',3338,'2025-05-07 00:54:38','2025-05-07 00:54:38'),(363,46,363,'小道消息','https://mediaminds.oss-cn-beijing.aliyuncs.com/book/平步青云/第363章 小道消息.txt',3350,'2025-05-07 00:54:38','2025-05-07 00:54:38'),(364,46,364,'砸场子','https://mediaminds.oss-cn-beijing.aliyuncs.com/book/平步青云/第364章 砸场子.txt',3132,'2025-05-07 00:54:38','2025-05-07 00:54:38'),(365,46,365,'司马谋的反击','https://mediaminds.oss-cn-beijing.aliyuncs.com/book/平步青云/第365章 司马谋的反击.txt',3217,'2025-05-07 00:54:38','2025-05-07 00:54:38'),(366,46,366,'环环相扣的布局','https://mediaminds.oss-cn-beijing.aliyuncs.com/book/平步青云/第366章 环环相扣的布局.txt',4516,'2025-05-07 00:54:38','2025-05-07 00:54:38'),(367,46,367,'卸磨杀驴','https://mediaminds.oss-cn-beijing.aliyuncs.com/book/平步青云/第367章 卸磨杀驴.txt',3288,'2025-05-07 00:54:38','2025-05-07 00:54:38'),(368,46,368,'不是冤家不聚头','https://mediaminds.oss-cn-beijing.aliyuncs.com/book/平步青云/第368章 不是冤家不聚头.txt',3584,'2025-05-07 00:54:38','2025-05-07 00:54:38'),(369,46,369,'先声夺人','https://mediaminds.oss-cn-beijing.aliyuncs.com/book/平步青云/第369章 先声夺人.txt',3058,'2025-05-07 00:54:38','2025-05-07 00:54:38'),(370,46,370,'反手一击','https://mediaminds.oss-cn-beijing.aliyuncs.com/book/平步青云/第370章 反手一击.txt',3179,'2025-05-07 00:54:38','2025-05-07 00:54:38'),(371,46,371,'算计柳浩天','https://mediaminds.oss-cn-beijing.aliyuncs.com/book/平步青云/第371章 算计柳浩天.txt',3078,'2025-05-07 00:54:38','2025-05-07 00:54:38'),(372,46,372,'光明正大的挖坑','https://mediaminds.oss-cn-beijing.aliyuncs.com/book/平步青云/第372章 光明正大的挖坑.txt',4327,'2025-05-07 00:54:38','2025-05-07 00:54:38'),(373,46,373,'偷鸡不成蚀把米','https://mediaminds.oss-cn-beijing.aliyuncs.com/book/平步青云/第373章 偷鸡不成蚀把米.txt',3318,'2025-05-07 00:54:38','2025-05-07 00:54:38'),(374,46,374,'烫手的山芋','https://mediaminds.oss-cn-beijing.aliyuncs.com/book/平步青云/第374章 烫手的山芋.txt',3279,'2025-05-07 00:54:38','2025-05-07 00:54:38'),(375,46,375,'第2把火','https://mediaminds.oss-cn-beijing.aliyuncs.com/book/平步青云/第375章 第2把火.txt',4410,'2025-05-07 00:54:38','2025-05-07 00:54:38'),(376,46,376,'运气爆棚','https://mediaminds.oss-cn-beijing.aliyuncs.com/book/平步青云/第376章 运气爆棚.txt',5216,'2025-05-07 00:54:38','2025-05-07 00:54:38'),(377,46,377,'柳浩天发飙（上）','https://mediaminds.oss-cn-beijing.aliyuncs.com/book/平步青云/第377章 柳浩天发飙（上）.txt',3618,'2025-05-07 00:54:38','2025-05-07 00:54:38'),(378,46,378,'柳浩天发飙（中）','https://mediaminds.oss-cn-beijing.aliyuncs.com/book/平步青云/第378章 柳浩天发飙（中）.txt',3047,'2025-05-07 00:54:38','2025-05-07 00:54:38'),(379,46,379,'柳浩天发飙（下）','https://mediaminds.oss-cn-beijing.aliyuncs.com/book/平步青云/第379章 柳浩天发飙（下）.txt',3339,'2025-05-07 00:54:38','2025-05-07 00:54:38'),(380,46,380,'豆腐渣工程','https://mediaminds.oss-cn-beijing.aliyuncs.com/book/平步青云/第380章 豆腐渣工程.txt',3330,'2025-05-07 00:54:38','2025-05-07 00:54:38'),(381,46,381,'强势质问','https://mediaminds.oss-cn-beijing.aliyuncs.com/book/平步青云/第381章 强势质问.txt',4093,'2025-05-07 00:54:38','2025-05-07 00:54:38'),(382,46,382,'亲自出面','https://mediaminds.oss-cn-beijing.aliyuncs.com/book/平步青云/第382章 亲自出面.txt',3193,'2025-05-07 00:54:38','2025-05-07 00:54:38'),(383,46,383,'螳螂捕蝉','https://mediaminds.oss-cn-beijing.aliyuncs.com/book/平步青云/第383章 螳螂捕蝉.txt',4235,'2025-05-07 00:54:38','2025-05-07 00:54:38'),(384,46,384,'违规建筑','https://mediaminds.oss-cn-beijing.aliyuncs.com/book/平步青云/第384章 违规建筑.txt',3342,'2025-05-07 00:54:38','2025-05-07 00:54:38'),(385,46,385,'柳浩天的誓言','https://mediaminds.oss-cn-beijing.aliyuncs.com/book/平步青云/第385章 柳浩天的誓言.txt',3121,'2025-05-07 00:54:38','2025-05-07 00:54:38'),(386,46,386,'头脑风暴','https://mediaminds.oss-cn-beijing.aliyuncs.com/book/平步青云/第386章 头脑风暴.txt',4286,'2025-05-07 00:54:38','2025-05-07 00:54:38'),(387,46,387,'风云突起','https://mediaminds.oss-cn-beijing.aliyuncs.com/book/平步青云/第387章 风云突起.txt',4120,'2025-05-07 00:54:38','2025-05-07 00:54:38'),(388,46,388,'巧妙过关','https://mediaminds.oss-cn-beijing.aliyuncs.com/book/平步青云/第388章 巧妙过关.txt',3096,'2025-05-07 00:54:38','2025-05-07 00:54:38'),(389,46,389,'态度嚣张','https://mediaminds.oss-cn-beijing.aliyuncs.com/book/平步青云/第389章 态度嚣张.txt',3633,'2025-05-07 00:54:38','2025-05-07 00:54:38'),(390,46,390,'另辟蹊径','https://mediaminds.oss-cn-beijing.aliyuncs.com/book/平步青云/第390章 另辟蹊径.txt',3419,'2025-05-07 00:54:38','2025-05-07 00:54:38'),(391,46,391,'柳浩天的执着','https://mediaminds.oss-cn-beijing.aliyuncs.com/book/平步青云/第391章 柳浩天的执着.txt',4115,'2025-05-07 00:54:38','2025-05-07 00:54:38'),(392,46,392,'雪中送炭','https://mediaminds.oss-cn-beijing.aliyuncs.com/book/平步青云/第392章 雪中送炭.txt',4385,'2025-05-07 00:54:38','2025-05-07 00:54:38'),(393,46,393,'三强联手','https://mediaminds.oss-cn-beijing.aliyuncs.com/book/平步青云/第393章 三强联手.txt',3266,'2025-05-07 00:54:38','2025-05-07 00:54:38'),(394,46,394,'高端竞争','https://mediaminds.oss-cn-beijing.aliyuncs.com/book/平步青云/第394章 高端竞争.txt',5462,'2025-05-07 00:54:38','2025-05-07 00:54:38'),(395,46,395,'一招绝杀','https://mediaminds.oss-cn-beijing.aliyuncs.com/book/平步青云/第395章 一招绝杀.txt',3650,'2025-05-07 00:54:38','2025-05-07 00:54:38'),(396,46,396,'投桃报李','https://mediaminds.oss-cn-beijing.aliyuncs.com/book/平步青云/第396章 投桃报李.txt',4663,'2025-05-07 00:54:38','2025-05-07 00:54:38'),(397,46,397,'收人收心','https://mediaminds.oss-cn-beijing.aliyuncs.com/book/平步青云/第397章 收人收心.txt',3161,'2025-05-07 00:54:38','2025-05-07 00:54:38'),(398,46,398,'直击要害','https://mediaminds.oss-cn-beijing.aliyuncs.com/book/平步青云/第398章 直击要害.txt',3061,'2025-05-07 00:54:38','2025-05-07 00:54:38'),(399,46,399,'坐收渔利','https://mediaminds.oss-cn-beijing.aliyuncs.com/book/平步青云/第399章 坐收渔利.txt',3344,'2025-05-07 00:54:38','2025-05-07 00:54:38'),(400,46,400,'少管闲事【加更】','https://mediaminds.oss-cn-beijing.aliyuncs.com/book/平步青云/第400章 少管闲事【加更】.txt',3437,'2025-05-07 00:54:38','2025-05-07 00:54:38'),(401,46,401,'薛启明自救','https://mediaminds.oss-cn-beijing.aliyuncs.com/book/平步青云/第401章 薛启明自救.txt',4529,'2025-05-07 00:54:38','2025-05-07 00:54:38'),(402,46,402,'严厉处理','https://mediaminds.oss-cn-beijing.aliyuncs.com/book/平步青云/第402章 严厉处理.txt',4266,'2025-05-07 00:54:38','2025-05-07 00:54:38'),(403,46,403,'郭天佑','https://mediaminds.oss-cn-beijing.aliyuncs.com/book/平步青云/第403章 郭天佑.txt',4147,'2025-05-07 00:54:38','2025-05-07 00:54:38'),(404,46,404,'柳郭见面','https://mediaminds.oss-cn-beijing.aliyuncs.com/book/平步青云/第404章 柳郭见面.txt',4319,'2025-05-07 00:54:38','2025-05-07 00:54:38'),(405,46,405,'华小熊出马','https://mediaminds.oss-cn-beijing.aliyuncs.com/book/平步青云/第405章 华小熊出马.txt',3588,'2025-05-07 00:54:38','2025-05-07 00:54:38'),(406,46,406,'损招','https://mediaminds.oss-cn-beijing.aliyuncs.com/book/平步青云/第406章 损招.txt',3195,'2025-05-07 00:54:38','2025-05-07 00:54:38'),(407,46,407,'替罪羊','https://mediaminds.oss-cn-beijing.aliyuncs.com/book/平步青云/第407章 替罪羊.txt',3457,'2025-05-07 00:54:38','2025-05-07 00:54:38'),(408,46,408,'柳浩天再吃瘪','https://mediaminds.oss-cn-beijing.aliyuncs.com/book/平步青云/第408章 柳浩天再吃瘪.txt',3163,'2025-05-07 00:54:38','2025-05-07 00:54:38'),(409,46,409,'鬼才','https://mediaminds.oss-cn-beijing.aliyuncs.com/book/平步青云/第409章 鬼才.txt',4391,'2025-05-07 00:54:38','2025-05-07 00:54:38'),(410,46,410,'改变战术','https://mediaminds.oss-cn-beijing.aliyuncs.com/book/平步青云/第410章 改变战术.txt',3218,'2025-05-07 00:54:38','2025-05-07 00:54:38'),(411,46,411,'网络问政','https://mediaminds.oss-cn-beijing.aliyuncs.com/book/平步青云/第411章 网络问政.txt',3221,'2025-05-07 00:54:38','2025-05-07 00:54:38'),(412,46,412,'风起云涌','https://mediaminds.oss-cn-beijing.aliyuncs.com/book/平步青云/第412章 风起云涌.txt',4352,'2025-05-07 00:54:38','2025-05-07 00:54:38'),(413,46,413,'穷追不舍','https://mediaminds.oss-cn-beijing.aliyuncs.com/book/平步青云/第413章 穷追不舍.txt',3489,'2025-05-07 00:54:38','2025-05-07 00:54:38'),(414,46,414,'越级打脸','https://mediaminds.oss-cn-beijing.aliyuncs.com/book/平步青云/第414章 越级打脸.txt',4298,'2025-05-07 00:54:38','2025-05-07 00:54:38'),(415,46,415,'一针见血','https://mediaminds.oss-cn-beijing.aliyuncs.com/book/平步青云/第415章 一针见血.txt',6206,'2025-05-07 00:54:38','2025-05-07 00:54:38'),(416,46,416,'战意熊熊','https://mediaminds.oss-cn-beijing.aliyuncs.com/book/平步青云/第416章 战意熊熊.txt',5303,'2025-05-07 00:54:38','2025-05-07 00:54:38'),(417,46,417,'一招接着一招','https://mediaminds.oss-cn-beijing.aliyuncs.com/book/平步青云/第417章 一招接着一招.txt',4208,'2025-05-07 00:54:38','2025-05-07 00:54:38'),(418,46,418,'敲山震虎','https://mediaminds.oss-cn-beijing.aliyuncs.com/book/平步青云/第418章 敲山震虎.txt',6133,'2025-05-07 00:54:38','2025-05-07 00:54:38'),(419,46,419,'交锋','https://mediaminds.oss-cn-beijing.aliyuncs.com/book/平步青云/第419章 交锋.txt',3279,'2025-05-07 00:54:38','2025-05-07 00:54:38'),(420,46,420,'拉拢人心','https://mediaminds.oss-cn-beijing.aliyuncs.com/book/平步青云/第420章 拉拢人心.txt',4567,'2025-05-07 00:54:38','2025-05-07 00:54:38'),(421,46,421,'两个条件','https://mediaminds.oss-cn-beijing.aliyuncs.com/book/平步青云/第421章 两个条件.txt',3430,'2025-05-07 00:54:38','2025-05-07 00:54:38'),(422,46,422,'金东阳的震惊','https://mediaminds.oss-cn-beijing.aliyuncs.com/book/平步青云/第422章 金东阳的震惊.txt',3653,'2025-05-07 00:54:38','2025-05-07 00:54:38'),(423,46,423,'强势碾压','https://mediaminds.oss-cn-beijing.aliyuncs.com/book/平步青云/第423章 强势碾压.txt',3423,'2025-05-07 00:54:38','2025-05-07 00:54:38'),(424,46,424,'坑惨了','https://mediaminds.oss-cn-beijing.aliyuncs.com/book/平步青云/第424章 坑惨了.txt',3451,'2025-05-07 00:54:38','2025-05-07 00:54:38'),(425,46,425,'超级毒丸','https://mediaminds.oss-cn-beijing.aliyuncs.com/book/平步青云/第425章 超级毒丸.txt',4418,'2025-05-07 00:54:38','2025-05-07 00:54:38'),(426,46,426,'真实意图','https://mediaminds.oss-cn-beijing.aliyuncs.com/book/平步青云/第426章 真实意图.txt',4458,'2025-05-07 00:54:38','2025-05-07 00:54:38'),(427,46,427,'韩小宝儿的心意','https://mediaminds.oss-cn-beijing.aliyuncs.com/book/平步青云/第427章 韩小宝儿的心意.txt',4261,'2025-05-07 00:54:38','2025-05-07 00:54:38'),(428,46,428,'蹭热度','https://mediaminds.oss-cn-beijing.aliyuncs.com/book/平步青云/第428章 蹭热度.txt',3420,'2025-05-07 00:54:38','2025-05-07 00:54:38'),(429,46,429,'一剑封喉','https://mediaminds.oss-cn-beijing.aliyuncs.com/book/平步青云/第429章 一剑封喉.txt',3111,'2025-05-07 00:54:38','2025-05-07 00:54:38'),(430,46,430,'李富凯的脸肿了','https://mediaminds.oss-cn-beijing.aliyuncs.com/book/平步青云/第430章 李富凯的脸肿了.txt',5781,'2025-05-07 00:54:38','2025-05-07 00:54:38'),(431,46,431,'双管齐下','https://mediaminds.oss-cn-beijing.aliyuncs.com/book/平步青云/第431章 双管齐下.txt',3153,'2025-05-07 00:54:38','2025-05-07 00:54:38'),(432,46,432,'王道之术','https://mediaminds.oss-cn-beijing.aliyuncs.com/book/平步青云/第432章 王道之术.txt',5289,'2025-05-07 00:54:38','2025-05-07 00:54:38'),(433,46,433,'黑马到底','https://mediaminds.oss-cn-beijing.aliyuncs.com/book/平步青云/第433章 黑马到底.txt',4460,'2025-05-07 00:54:38','2025-05-07 00:54:38'),(434,46,434,'浩天的杀招','https://mediaminds.oss-cn-beijing.aliyuncs.com/book/平步青云/第434章 浩天的杀招.txt',4527,'2025-05-07 00:54:38','2025-05-07 00:54:38'),(435,46,435,'生死抉择','https://mediaminds.oss-cn-beijing.aliyuncs.com/book/平步青云/第435章 生死抉择.txt',3233,'2025-05-07 00:54:38','2025-05-07 00:54:38'),(436,46,436,'搜身【春节快乐】','https://mediaminds.oss-cn-beijing.aliyuncs.com/book/平步青云/第436章 搜身【春节快乐】.txt',4179,'2025-05-07 00:54:38','2025-05-07 00:54:38'),(437,46,437,'声东击西','https://mediaminds.oss-cn-beijing.aliyuncs.com/book/平步青云/第437章 声东击西.txt',3299,'2025-05-07 00:54:38','2025-05-07 00:54:38'),(438,46,438,'惨败【上】','https://mediaminds.oss-cn-beijing.aliyuncs.com/book/平步青云/第438章 惨败【上】.txt',3419,'2025-05-07 00:54:38','2025-05-07 00:54:38'),(439,46,439,'惨败【中】','https://mediaminds.oss-cn-beijing.aliyuncs.com/book/平步青云/第439章 惨败【中】.txt',6190,'2025-05-07 00:54:38','2025-05-07 00:54:38'),(440,46,440,'惨败【下】','https://mediaminds.oss-cn-beijing.aliyuncs.com/book/平步青云/第440章 惨败【下】.txt',3268,'2025-05-07 00:54:38','2025-05-07 00:54:38'),(441,46,441,'重伤','https://mediaminds.oss-cn-beijing.aliyuncs.com/book/平步青云/第441章 重伤.txt',3625,'2025-05-07 00:54:38','2025-05-07 00:54:38'),(442,46,442,'怒火（上）【加更】','https://mediaminds.oss-cn-beijing.aliyuncs.com/book/平步青云/第442章 怒火（上）【加更】.txt',3385,'2025-05-07 00:54:38','2025-05-07 00:54:38'),(443,46,443,'怒火（中）','https://mediaminds.oss-cn-beijing.aliyuncs.com/book/平步青云/第443章 怒火（中）.txt',3731,'2025-05-07 00:54:38','2025-05-07 00:54:38'),(444,46,444,'怒火（下）','https://mediaminds.oss-cn-beijing.aliyuncs.com/book/平步青云/第444章 怒火（下）.txt',3898,'2025-05-07 00:54:38','2025-05-07 00:54:38'),(445,46,445,'走马西风市【加更】','https://mediaminds.oss-cn-beijing.aliyuncs.com/book/平步青云/第445章 走马西风市【加更】.txt',8371,'2025-05-07 00:54:38','2025-05-07 00:54:38'),(446,46,446,'不速之客','https://mediaminds.oss-cn-beijing.aliyuncs.com/book/平步青云/第446章 不速之客.txt',3431,'2025-05-07 00:54:38','2025-05-07 00:54:38'),(447,46,447,'当场打脸','https://mediaminds.oss-cn-beijing.aliyuncs.com/book/平步青云/第447章 当场打脸.txt',5305,'2025-05-07 00:54:38','2025-05-07 00:54:38'),(448,46,448,'打压分化【加更】','https://mediaminds.oss-cn-beijing.aliyuncs.com/book/平步青云/第448章 打压分化【加更】.txt',3689,'2025-05-07 00:54:38','2025-05-07 00:54:38'),(449,46,449,'暴风雨前夕','https://mediaminds.oss-cn-beijing.aliyuncs.com/book/平步青云/第449章 暴风雨前夕.txt',4824,'2025-05-07 00:54:38','2025-05-07 00:54:38'),(450,46,450,'你摊上事儿了','https://mediaminds.oss-cn-beijing.aliyuncs.com/book/平步青云/第450章 你摊上事儿了.txt',4262,'2025-05-07 00:54:38','2025-05-07 00:54:38'),(451,46,451,'猫腻','https://mediaminds.oss-cn-beijing.aliyuncs.com/book/平步青云/第451章 猫腻.txt',4171,'2025-05-07 00:54:38','2025-05-07 00:54:38'),(452,46,452,'强硬回怼','https://mediaminds.oss-cn-beijing.aliyuncs.com/book/平步青云/第452章 强硬回怼.txt',5233,'2025-05-07 00:54:38','2025-05-07 00:54:38'),(453,46,453,'拒不配合','https://mediaminds.oss-cn-beijing.aliyuncs.com/book/平步青云/第453章 拒不配合.txt',4151,'2025-05-07 00:54:38','2025-05-07 00:54:38'),(454,46,454,'被叫板','https://mediaminds.oss-cn-beijing.aliyuncs.com/book/平步青云/第454章 被叫板.txt',5222,'2025-05-07 00:54:38','2025-05-07 00:54:38'),(455,46,455,'投名状','https://mediaminds.oss-cn-beijing.aliyuncs.com/book/平步青云/第455章 投名状.txt',5665,'2025-05-07 00:54:38','2025-05-07 00:54:38'),(456,46,456,'说话不算数','https://mediaminds.oss-cn-beijing.aliyuncs.com/book/平步青云/第456章 说话不算数.txt',3615,'2025-05-07 00:54:38','2025-05-07 00:54:38'),(457,46,457,'白来一趟','https://mediaminds.oss-cn-beijing.aliyuncs.com/book/平步青云/第457章 白来一趟.txt',4253,'2025-05-07 00:54:38','2025-05-07 00:54:38'),(458,46,458,'惊天一跪','https://mediaminds.oss-cn-beijing.aliyuncs.com/book/平步青云/第458章 惊天一跪.txt',5182,'2025-05-07 00:54:38','2025-05-07 00:54:38'),(459,46,459,'风云再起','https://mediaminds.oss-cn-beijing.aliyuncs.com/book/平步青云/第459章 风云再起.txt',4299,'2025-05-07 00:54:38','2025-05-07 00:54:38'),(460,46,460,'发现郑光辉','https://mediaminds.oss-cn-beijing.aliyuncs.com/book/平步青云/第460章 发现郑光辉.txt',3325,'2025-05-07 00:54:38','2025-05-07 00:54:38'),(461,46,461,'幕后黑手','https://mediaminds.oss-cn-beijing.aliyuncs.com/book/平步青云/第461章 幕后黑手.txt',3092,'2025-05-07 00:54:38','2025-05-07 00:54:38'),(462,46,462,'新的线索','https://mediaminds.oss-cn-beijing.aliyuncs.com/book/平步青云/第462章 新的线索.txt',3691,'2025-05-07 00:54:38','2025-05-07 00:54:38'),(463,46,463,'威胁','https://mediaminds.oss-cn-beijing.aliyuncs.com/book/平步青云/第463章 威胁.txt',3460,'2025-05-07 00:54:38','2025-05-07 00:54:38'),(464,46,464,'要个说法','https://mediaminds.oss-cn-beijing.aliyuncs.com/book/平步青云/第464章 要个说法.txt',3648,'2025-05-07 00:54:38','2025-05-07 00:54:38'),(465,46,465,'彻底架空','https://mediaminds.oss-cn-beijing.aliyuncs.com/book/平步青云/第465章 彻底架空.txt',4095,'2025-05-07 00:54:38','2025-05-07 00:54:38'),(466,46,466,'太吓人了','https://mediaminds.oss-cn-beijing.aliyuncs.com/book/平步青云/第466章 太吓人了.txt',3289,'2025-05-07 00:54:38','2025-05-07 00:54:38'),(467,46,467,'踢走（上）','https://mediaminds.oss-cn-beijing.aliyuncs.com/book/平步青云/第467章 踢走（上）.txt',3793,'2025-05-07 00:54:38','2025-05-07 00:54:38'),(468,46,468,'踢走（下）','https://mediaminds.oss-cn-beijing.aliyuncs.com/book/平步青云/第468章 踢走（下）.txt',4135,'2025-05-07 00:54:38','2025-05-07 00:54:38'),(469,46,469,'没钱没人','https://mediaminds.oss-cn-beijing.aliyuncs.com/book/平步青云/第469章 没钱没人.txt',3185,'2025-05-07 00:54:38','2025-05-07 00:54:38'),(470,46,470,'两个星期','https://mediaminds.oss-cn-beijing.aliyuncs.com/book/平步青云/第470章两个星期.txt',3176,'2025-05-07 00:54:38','2025-05-07 00:54:38'),(471,46,471,'融资方案','https://mediaminds.oss-cn-beijing.aliyuncs.com/book/平步青云/第471章 融资方案.txt',3156,'2025-05-07 00:54:38','2025-05-07 00:54:38'),(472,46,472,'发财计划','https://mediaminds.oss-cn-beijing.aliyuncs.com/book/平步青云/第472章 发财计划.txt',4221,'2025-05-07 00:54:38','2025-05-07 00:54:38'),(473,46,473,'打脸魏成龙','https://mediaminds.oss-cn-beijing.aliyuncs.com/book/平步青云/第473章 打脸魏成龙.txt',3239,'2025-05-07 00:54:38','2025-05-07 00:54:38'),(474,46,474,'超级网红','https://mediaminds.oss-cn-beijing.aliyuncs.com/book/平步青云/第474章 超级网红.txt',3674,'2025-05-07 00:54:38','2025-05-07 00:54:38'),(475,46,475,'陷阱','https://mediaminds.oss-cn-beijing.aliyuncs.com/book/平步青云/第475章 陷阱.txt',4130,'2025-05-07 00:54:38','2025-05-07 00:54:38'),(476,46,476,'避嫌','https://mediaminds.oss-cn-beijing.aliyuncs.com/book/平步青云/第476章 避嫌.txt',3116,'2025-05-07 00:54:38','2025-05-07 00:54:38'),(477,46,477,'魏成龙出招','https://mediaminds.oss-cn-beijing.aliyuncs.com/book/平步青云/第477章 魏成龙出招.txt',3500,'2025-05-07 00:54:38','2025-05-07 00:54:38'),(478,46,478,'疯狂的陈小勇','https://mediaminds.oss-cn-beijing.aliyuncs.com/book/平步青云/第478章 疯狂的陈小勇.txt',3096,'2025-05-07 00:54:38','2025-05-07 00:54:38'),(479,46,479,'强势出手','https://mediaminds.oss-cn-beijing.aliyuncs.com/book/平步青云/第479章 强势出手.txt',3258,'2025-05-07 00:54:38','2025-05-07 00:54:38'),(480,46,480,'强势到底','https://mediaminds.oss-cn-beijing.aliyuncs.com/book/平步青云/第480章 强势到底.txt',3724,'2025-05-07 00:54:38','2025-05-07 00:54:38'),(481,46,481,'戏耍杨国华','https://mediaminds.oss-cn-beijing.aliyuncs.com/book/平步青云/第481章 戏耍杨国华.txt',4154,'2025-05-07 00:54:38','2025-05-07 00:54:38'),(482,46,482,'不再收储','https://mediaminds.oss-cn-beijing.aliyuncs.com/book/平步青云/第482章 不再收储.txt',3594,'2025-05-07 00:54:38','2025-05-07 00:54:38'),(483,46,483,'挑衅','https://mediaminds.oss-cn-beijing.aliyuncs.com/book/平步青云/第483章 挑衅.txt',3238,'2025-05-07 00:54:38','2025-05-07 00:54:38'),(484,46,484,'借东风','https://mediaminds.oss-cn-beijing.aliyuncs.com/book/平步青云/第484章 借东风.txt',3032,'2025-05-07 00:54:38','2025-05-07 00:54:38'),(485,46,485,'及时止损','https://mediaminds.oss-cn-beijing.aliyuncs.com/book/平步青云/第485章 及时止损.txt',4117,'2025-05-07 00:54:38','2025-05-07 00:54:38'),(486,46,486,'楚振轩的心思','https://mediaminds.oss-cn-beijing.aliyuncs.com/book/平步青云/第486章 楚振轩的心思.txt',4354,'2025-05-07 00:54:38','2025-05-07 00:54:38'),(487,46,487,'被嫌弃了','https://mediaminds.oss-cn-beijing.aliyuncs.com/book/平步青云/第487章 被嫌弃了.txt',3352,'2025-05-07 00:54:38','2025-05-07 00:54:38'),(488,46,488,'财权争夺（上）','https://mediaminds.oss-cn-beijing.aliyuncs.com/book/平步青云/第488章 财权争夺（上）.txt',4637,'2025-05-07 00:54:38','2025-05-07 00:54:38'),(489,46,489,'财权争夺（中）','https://mediaminds.oss-cn-beijing.aliyuncs.com/book/平步青云/第489章 财权争夺（中）.txt',3088,'2025-05-07 00:54:38','2025-05-07 00:54:38'),(490,46,490,'财权争夺（下）','https://mediaminds.oss-cn-beijing.aliyuncs.com/book/平步青云/第490章 财权争夺（下）.txt',3417,'2025-05-07 00:54:38','2025-05-07 00:54:38'),(491,46,491,'准备大婚','https://mediaminds.oss-cn-beijing.aliyuncs.com/book/平步青云/第491章 准备大婚.txt',3324,'2025-05-07 00:54:38','2025-05-07 00:54:38'),(492,46,492,'同学聚会（上）','https://mediaminds.oss-cn-beijing.aliyuncs.com/book/平步青云/第492章 同学聚会（上）.txt',3442,'2025-05-07 00:54:38','2025-05-07 00:54:38'),(493,46,493,'同学聚会（中）','https://mediaminds.oss-cn-beijing.aliyuncs.com/book/平步青云/第493章 同学聚会（中）.txt',3613,'2025-05-07 00:54:38','2025-05-07 00:54:38'),(494,46,494,'同学聚会（下）','https://mediaminds.oss-cn-beijing.aliyuncs.com/book/平步青云/第494章 同学聚会（下）.txt',4361,'2025-05-07 00:54:38','2025-05-07 00:54:38'),(495,46,495,'蒋振山的质问','https://mediaminds.oss-cn-beijing.aliyuncs.com/book/平步青云/第495章 蒋振山的质问.txt',4645,'2025-05-07 00:54:38','2025-05-07 00:54:38'),(496,46,496,'出难题','https://mediaminds.oss-cn-beijing.aliyuncs.com/book/平步青云/第496章 出难题.txt',3589,'2025-05-07 00:54:38','2025-05-07 00:54:38'),(497,46,497,'内心纠结','https://mediaminds.oss-cn-beijing.aliyuncs.com/book/平步青云/第497章 内心纠结.txt',3278,'2025-05-07 00:54:38','2025-05-07 00:54:38'),(498,46,498,'香水有毒','https://mediaminds.oss-cn-beijing.aliyuncs.com/book/平步青云/第498章 香水有毒.txt',3334,'2025-05-07 00:54:38','2025-05-07 00:54:38'),(499,46,499,'魏成龙的恨','https://mediaminds.oss-cn-beijing.aliyuncs.com/book/平步青云/第499章 魏成龙的恨.txt',4321,'2025-05-07 00:54:38','2025-05-07 00:54:38'),(500,46,500,'大婚（上）','https://mediaminds.oss-cn-beijing.aliyuncs.com/book/平步青云/第500章 大婚（上）.txt',3245,'2025-05-07 00:54:38','2025-05-07 00:54:38'),(501,46,501,'大婚（中）','https://mediaminds.oss-cn-beijing.aliyuncs.com/book/平步青云/第501章 大婚（中）.txt',3192,'2025-05-07 00:54:38','2025-05-07 00:54:38'),(502,46,502,'大婚（下）','https://mediaminds.oss-cn-beijing.aliyuncs.com/book/平步青云/第502章 大婚（下）.txt',3679,'2025-05-07 00:54:38','2025-05-07 00:54:38'),(503,46,503,'李国君的挑衅','https://mediaminds.oss-cn-beijing.aliyuncs.com/book/平步青云/第503章 李国君的挑衅.txt',3147,'2025-05-07 00:54:38','2025-05-07 00:54:38'),(504,46,504,'扮猪吃虎（上）','https://mediaminds.oss-cn-beijing.aliyuncs.com/book/平步青云/第504章 扮猪吃虎（上）.txt',5952,'2025-05-07 00:54:38','2025-05-07 00:54:38'),(505,46,505,'扮猪吃虎（中）【加更】','https://mediaminds.oss-cn-beijing.aliyuncs.com/book/平步青云/第505章 扮猪吃虎（中）【加更】.txt',3565,'2025-05-07 00:54:38','2025-05-07 00:54:38'),(506,46,506,'扮猪吃虎（下）','https://mediaminds.oss-cn-beijing.aliyuncs.com/book/平步青云/第506章 扮猪吃虎（下）.txt',3370,'2025-05-07 00:54:38','2025-05-07 00:54:38'),(507,46,507,'可怜的魏成龙','https://mediaminds.oss-cn-beijing.aliyuncs.com/book/平步青云/第507章 可怜的魏成龙.txt',3204,'2025-05-07 00:54:38','2025-05-07 00:54:38'),(508,46,508,'西风危机','https://mediaminds.oss-cn-beijing.aliyuncs.com/book/平步青云/第508章 西风危机.txt',3269,'2025-05-07 00:54:38','2025-05-07 00:54:38'),(509,46,509,'夏泽辉发飙','https://mediaminds.oss-cn-beijing.aliyuncs.com/book/平步青云/第509章 夏泽辉发飙.txt',3256,'2025-05-07 00:54:38','2025-05-07 00:54:38'),(510,46,510,'反摘桃子','https://mediaminds.oss-cn-beijing.aliyuncs.com/book/平步青云/第510章 反摘桃子.txt',5172,'2025-05-07 00:54:38','2025-05-07 00:54:38'),(511,46,511,'大手笔','https://mediaminds.oss-cn-beijing.aliyuncs.com/book/平步青云/第511章 大手笔.txt',4488,'2025-05-07 00:54:38','2025-05-07 00:54:38'),(512,46,512,'不给面子','https://mediaminds.oss-cn-beijing.aliyuncs.com/book/平步青云/第512章 不给面子.txt',4484,'2025-05-07 00:54:38','2025-05-07 00:54:38'),(513,46,513,'艰巨任务','https://mediaminds.oss-cn-beijing.aliyuncs.com/book/平步青云/第513章 艰巨任务.txt',3341,'2025-05-07 00:54:38','2025-05-07 00:54:38'),(514,46,514,'再遇郭天佑【加更】','https://mediaminds.oss-cn-beijing.aliyuncs.com/book/平步青云/第514章 再遇郭天佑【加更】.txt',4222,'2025-05-07 00:54:38','2025-05-07 00:54:38'),(515,46,515,'路见不平','https://mediaminds.oss-cn-beijing.aliyuncs.com/book/平步青云/第515章 路见不平.txt',3220,'2025-05-07 00:54:38','2025-05-07 00:54:38'),(516,46,516,'威胁','https://mediaminds.oss-cn-beijing.aliyuncs.com/book/平步青云/第516章 威胁.txt',3129,'2025-05-07 00:54:38','2025-05-07 00:54:38'),(517,46,517,'久等不到','https://mediaminds.oss-cn-beijing.aliyuncs.com/book/平步青云/第517章 久等不到.txt',3483,'2025-05-07 00:54:38','2025-05-07 00:54:38'),(518,46,518,'麻烦大了','https://mediaminds.oss-cn-beijing.aliyuncs.com/book/平步青云/第518章 麻烦大了.txt',3146,'2025-05-07 00:54:38','2025-05-07 00:54:38'),(519,46,519,'心情沉重','https://mediaminds.oss-cn-beijing.aliyuncs.com/book/平步青云/第519章 心情沉重.txt',3191,'2025-05-07 00:54:38','2025-05-07 00:54:38'),(520,46,520,'现场办公','https://mediaminds.oss-cn-beijing.aliyuncs.com/book/平步青云/第520章 现场办公.txt',3252,'2025-05-07 00:54:38','2025-05-07 00:54:38'),(521,46,521,'给柳浩天挖坑','https://mediaminds.oss-cn-beijing.aliyuncs.com/book/平步青云/第521章 给柳浩天挖坑.txt',3187,'2025-05-07 00:54:38','2025-05-07 00:54:38'),(522,46,522,'王天朝和马汉山','https://mediaminds.oss-cn-beijing.aliyuncs.com/book/平步青云/第522章 王天朝和马汉山.txt',3262,'2025-05-07 00:54:38','2025-05-07 00:54:38'),(523,46,523,'三大巨头','https://mediaminds.oss-cn-beijing.aliyuncs.com/book/平步青云/第523章 三大巨头.txt',3724,'2025-05-07 00:54:38','2025-05-07 00:54:38'),(524,46,524,'神仙局','https://mediaminds.oss-cn-beijing.aliyuncs.com/book/平步青云/第524章 神仙局.txt',3238,'2025-05-07 00:54:38','2025-05-07 00:54:38'),(525,46,525,'对自己人也狠','https://mediaminds.oss-cn-beijing.aliyuncs.com/book/平步青云/第525章 对自己人也狠.txt',3562,'2025-05-07 00:54:38','2025-05-07 00:54:38'),(526,46,526,'黄老的建议','https://mediaminds.oss-cn-beijing.aliyuncs.com/book/平步青云/第526章 黄老的建议.txt',3060,'2025-05-07 00:54:38','2025-05-07 00:54:38'),(527,46,527,'柳浩天被打脸','https://mediaminds.oss-cn-beijing.aliyuncs.com/book/平步青云/第527章 柳浩天被打脸.txt',3648,'2025-05-07 00:54:38','2025-05-07 00:54:38'),(528,46,528,'十三鬼穴','https://mediaminds.oss-cn-beijing.aliyuncs.com/book/平步青云/第528章 十三鬼穴.txt',3631,'2025-05-07 00:54:38','2025-05-07 00:54:38'),(529,46,529,'治病救人','https://mediaminds.oss-cn-beijing.aliyuncs.com/book/平步青云/第529章 治病救人.txt',3729,'2025-05-07 00:54:38','2025-05-07 00:54:38'),(530,46,530,'高明远的电话','https://mediaminds.oss-cn-beijing.aliyuncs.com/book/平步青云/第530章 高明远的电话.txt',3204,'2025-05-07 00:54:38','2025-05-07 00:54:38'),(531,46,531,'激烈争论','https://mediaminds.oss-cn-beijing.aliyuncs.com/book/平步青云/第531章 激烈争论.txt',3279,'2025-05-07 00:54:38','2025-05-07 00:54:38'),(532,46,532,'坚守不退','https://mediaminds.oss-cn-beijing.aliyuncs.com/book/平步青云/第532章 坚守不退.txt',3481,'2025-05-07 00:54:38','2025-05-07 00:54:38'),(533,46,533,'调虎离山（上）','https://mediaminds.oss-cn-beijing.aliyuncs.com/book/平步青云/第533章 调虎离山（上）.txt',3326,'2025-05-07 00:54:38','2025-05-07 00:54:38'),(534,46,534,'调虎离山（中）','https://mediaminds.oss-cn-beijing.aliyuncs.com/book/平步青云/第534章 调虎离山（中）.txt',3181,'2025-05-07 00:54:38','2025-05-07 00:54:38'),(535,46,535,'调虎离山（下）','https://mediaminds.oss-cn-beijing.aliyuncs.com/book/平步青云/第535章 调虎离山（下）.txt',3351,'2025-05-07 00:54:38','2025-05-07 00:54:38'),(536,46,536,'超级大忽悠','https://mediaminds.oss-cn-beijing.aliyuncs.com/book/平步青云/第536章 超级大忽悠.txt',3145,'2025-05-07 00:54:38','2025-05-07 00:54:38'),(537,46,537,'倒打一耙','https://mediaminds.oss-cn-beijing.aliyuncs.com/book/平步青云/第537章 倒打一耙.txt',3075,'2025-05-07 00:54:38','2025-05-07 00:54:38'),(538,46,538,'针尖对麦芒','https://mediaminds.oss-cn-beijing.aliyuncs.com/book/平步青云/第538章 针尖对麦芒.txt',3387,'2025-05-07 00:54:38','2025-05-07 00:54:38'),(539,46,539,'你方唱罢我登场','https://mediaminds.oss-cn-beijing.aliyuncs.com/book/平步青云/第539章 你方唱罢我登场.txt',3179,'2025-05-07 00:54:38','2025-05-07 00:54:38'),(540,46,540,'赔礼道歉','https://mediaminds.oss-cn-beijing.aliyuncs.com/book/平步青云/第540章 赔礼道歉.txt',3180,'2025-05-07 00:54:38','2025-05-07 00:54:38'),(541,46,541,'柳浩天的道歉','https://mediaminds.oss-cn-beijing.aliyuncs.com/book/平步青云/第541章 柳浩天的道歉.txt',3175,'2025-05-07 00:54:38','2025-05-07 00:54:38'),(542,46,542,'疑点重重','https://mediaminds.oss-cn-beijing.aliyuncs.com/book/平步青云/第542章 疑点重重.txt',4447,'2025-05-07 00:54:38','2025-05-07 00:54:38'),(543,46,543,'迷魂阵','https://mediaminds.oss-cn-beijing.aliyuncs.com/book/平步青云/第543章 迷魂阵.txt',3342,'2025-05-07 00:54:38','2025-05-07 00:54:38'),(544,46,544,'巅峰对决','https://mediaminds.oss-cn-beijing.aliyuncs.com/book/平步青云/第544章 巅峰对决.txt',3292,'2025-05-07 00:54:38','2025-05-07 00:54:38'),(545,46,545,'突然袭击','https://mediaminds.oss-cn-beijing.aliyuncs.com/book/平步青云/第545章 突然袭击.txt',3300,'2025-05-07 00:54:38','2025-05-07 00:54:38'),(546,46,546,'心理攻势','https://mediaminds.oss-cn-beijing.aliyuncs.com/book/平步青云/第546章 心理攻势.txt',4285,'2025-05-07 00:54:38','2025-05-07 00:54:38'),(547,46,547,'用人之道','https://mediaminds.oss-cn-beijing.aliyuncs.com/book/平步青云/第547章 用人之道.txt',3730,'2025-05-07 00:54:38','2025-05-07 00:54:38'),(548,46,548,'挑衅','https://mediaminds.oss-cn-beijing.aliyuncs.com/book/平步青云/第548章 挑衅.txt',3118,'2025-05-07 00:54:38','2025-05-07 00:54:38'),(549,46,549,'苏炳坤的辛酸事','https://mediaminds.oss-cn-beijing.aliyuncs.com/book/平步青云/第549章 苏炳坤的辛酸事.txt',3138,'2025-05-07 00:54:38','2025-05-07 00:54:38'),(550,46,550,'柳浩天的决心','https://mediaminds.oss-cn-beijing.aliyuncs.com/book/平步青云/第550章 柳浩天的决心.txt',3062,'2025-05-07 00:54:38','2025-05-07 00:54:38'),(551,46,551,'柳浩天的困境','https://mediaminds.oss-cn-beijing.aliyuncs.com/book/平步青云/第551章 柳浩天的困境.txt',3238,'2025-05-07 00:54:38','2025-05-07 00:54:38'),(552,46,552,'夜访静心村','https://mediaminds.oss-cn-beijing.aliyuncs.com/book/平步青云/第552章 夜访静心村.txt',4473,'2025-05-07 00:54:38','2025-05-07 00:54:38'),(553,46,553,'惨败','https://mediaminds.oss-cn-beijing.aliyuncs.com/book/平步青云/第553章 惨败.txt',3158,'2025-05-07 00:54:38','2025-05-07 00:54:38'),(554,46,554,'蔡尚武','https://mediaminds.oss-cn-beijing.aliyuncs.com/book/平步青云/第554章 蔡尚武.txt',3179,'2025-05-07 00:54:38','2025-05-07 00:54:38'),(555,46,555,'调查受阻（上）','https://mediaminds.oss-cn-beijing.aliyuncs.com/book/平步青云/第555章 调查受阻（上）.txt',3067,'2025-05-07 00:54:38','2025-05-07 00:54:38'),(556,46,556,'调查受阻（下）','https://mediaminds.oss-cn-beijing.aliyuncs.com/book/平步青云/第556章 调查受阻（下）.txt',3227,'2025-05-07 00:54:38','2025-05-07 00:54:38'),(557,46,557,'三问攻心（上）','https://mediaminds.oss-cn-beijing.aliyuncs.com/book/平步青云/第557章 三问攻心（上）.txt',3157,'2025-05-07 00:54:38','2025-05-07 00:54:38'),(558,46,558,'三问攻心（下）','https://mediaminds.oss-cn-beijing.aliyuncs.com/book/平步青云/第558章 三问攻心（下）.txt',3301,'2025-05-07 00:54:38','2025-05-07 00:54:38'),(559,46,559,'反败为胜','https://mediaminds.oss-cn-beijing.aliyuncs.com/book/平步青云/第559章 反败为胜.txt',4295,'2025-05-07 00:54:38','2025-05-07 00:54:38'),(560,46,560,'狐假虎威','https://mediaminds.oss-cn-beijing.aliyuncs.com/book/平步青云/第560章 狐假虎威.txt',4190,'2025-05-07 00:54:39','2025-05-07 00:54:39'),(561,46,561,'发起挑衅（上）','https://mediaminds.oss-cn-beijing.aliyuncs.com/book/平步青云/第561章 发起挑衅（上）.txt',3230,'2025-05-07 00:54:39','2025-05-07 00:54:39'),(562,46,562,'发起挑衅（中）','https://mediaminds.oss-cn-beijing.aliyuncs.com/book/平步青云/第562章 发起挑衅（中）.txt',5433,'2025-05-07 00:54:39','2025-05-07 00:54:39'),(563,46,563,'发起挑衅（下）','https://mediaminds.oss-cn-beijing.aliyuncs.com/book/平步青云/第563章 发起挑衅（下）.txt',3357,'2025-05-07 00:54:39','2025-05-07 00:54:39'),(564,46,564,'约见','https://mediaminds.oss-cn-beijing.aliyuncs.com/book/平步青云/第564章 约见.txt',3266,'2025-05-07 00:54:39','2025-05-07 00:54:39'),(565,46,565,'各逞心机','https://mediaminds.oss-cn-beijing.aliyuncs.com/book/平步青云/第565章 各逞心机.txt',3210,'2025-05-07 00:54:39','2025-05-07 00:54:39'),(566,46,566,'越级上报','https://mediaminds.oss-cn-beijing.aliyuncs.com/book/平步青云/第566章 越级上报.txt',6424,'2025-05-07 00:54:39','2025-05-07 00:54:39'),(567,46,567,'楚振轩的考验','https://mediaminds.oss-cn-beijing.aliyuncs.com/book/平步青云/第567章 楚振轩的考验.txt',3577,'2025-05-07 00:54:39','2025-05-07 00:54:39'),(568,46,568,'柳浩天缺席','https://mediaminds.oss-cn-beijing.aliyuncs.com/book/平步青云/第568章 柳浩天缺席.txt',4115,'2025-05-07 00:54:39','2025-05-07 00:54:39'),(569,46,569,'神兵天降','https://mediaminds.oss-cn-beijing.aliyuncs.com/book/平步青云/第569章 神兵天降.txt',3172,'2025-05-07 00:54:39','2025-05-07 00:54:39'),(570,46,570,'虚张声势','https://mediaminds.oss-cn-beijing.aliyuncs.com/book/平步青云/第570章 虚张声势.txt',3092,'2025-05-07 00:54:39','2025-05-07 00:54:39'),(571,46,571,'瞒天过海','https://mediaminds.oss-cn-beijing.aliyuncs.com/book/平步青云/第571章 瞒天过海.txt',3373,'2025-05-07 00:54:39','2025-05-07 00:54:39'),(572,46,572,'惫懒人物','https://mediaminds.oss-cn-beijing.aliyuncs.com/book/平步青云/第572章 惫懒人物.txt',4334,'2025-05-07 00:54:39','2025-05-07 00:54:39'),(573,46,573,'大兵压境','https://mediaminds.oss-cn-beijing.aliyuncs.com/book/平步青云/第573章 大兵压境.txt',3144,'2025-05-07 00:54:39','2025-05-07 00:54:39'),(574,46,574,'东林市巨变','https://mediaminds.oss-cn-beijing.aliyuncs.com/book/平步青云/第574章 东林市巨变.txt',4206,'2025-05-07 00:54:39','2025-05-07 00:54:39'),(575,46,575,'李国君上门','https://mediaminds.oss-cn-beijing.aliyuncs.com/book/平步青云/第575章 李国君上门.txt',3316,'2025-05-07 00:54:39','2025-05-07 00:54:39'),(576,46,576,'陷阱','https://mediaminds.oss-cn-beijing.aliyuncs.com/book/平步青云/第576章 陷阱.txt',3601,'2025-05-07 00:54:39','2025-05-07 00:54:39'),(577,46,577,'被迫同意','https://mediaminds.oss-cn-beijing.aliyuncs.com/book/平步青云/第577章 被迫同意.txt',3184,'2025-05-07 00:54:39','2025-05-07 00:54:39'),(578,46,578,'强势表态','https://mediaminds.oss-cn-beijing.aliyuncs.com/book/平步青云/第578章 强势表态.txt',3425,'2025-05-07 00:54:39','2025-05-07 00:54:39'),(579,46,579,'叫板','https://mediaminds.oss-cn-beijing.aliyuncs.com/book/平步青云/第579章 叫板.txt',3592,'2025-05-07 00:54:39','2025-05-07 00:54:39'),(580,46,580,'谁进了谁的陷阱','https://mediaminds.oss-cn-beijing.aliyuncs.com/book/平步青云/第580章 谁进了谁的陷阱.txt',3294,'2025-05-07 00:54:39','2025-05-07 00:54:39'),(581,46,581,'管为民的回应','https://mediaminds.oss-cn-beijing.aliyuncs.com/book/平步青云/第581章 管为民的回应.txt',3284,'2025-05-07 00:54:39','2025-05-07 00:54:39'),(582,46,582,'上门挑衅','https://mediaminds.oss-cn-beijing.aliyuncs.com/book/平步青云/第582章 上门挑衅.txt',3152,'2025-05-07 00:54:39','2025-05-07 00:54:39'),(583,46,583,'浩天的底牌','https://mediaminds.oss-cn-beijing.aliyuncs.com/book/平步青云/第583章 浩天的底牌.txt',3369,'2025-05-07 00:54:39','2025-05-07 00:54:39'),(584,46,584,'变数','https://mediaminds.oss-cn-beijing.aliyuncs.com/book/平步青云/第584章 变数.txt',3152,'2025-05-07 00:54:39','2025-05-07 00:54:39'),(585,46,585,'顺水人情','https://mediaminds.oss-cn-beijing.aliyuncs.com/book/平步青云/第585章 顺水人情.txt',3268,'2025-05-07 00:54:39','2025-05-07 00:54:39'),(586,46,586,'弄虚作假（上）','https://mediaminds.oss-cn-beijing.aliyuncs.com/book/平步青云/第586章 弄虚作假（上）.txt',3084,'2025-05-07 00:54:39','2025-05-07 00:54:39'),(587,46,587,'弄虚作假（中）','https://mediaminds.oss-cn-beijing.aliyuncs.com/book/平步青云/第587章 弄虚作假（中）.txt',3823,'2025-05-07 00:54:39','2025-05-07 00:54:39'),(588,46,588,'弄虚作假（下）','https://mediaminds.oss-cn-beijing.aliyuncs.com/book/平步青云/第588章 弄虚作假（下）.txt',3365,'2025-05-07 00:54:39','2025-05-07 00:54:39'),(589,46,589,'矛盾的心','https://mediaminds.oss-cn-beijing.aliyuncs.com/book/平步青云/第589章 矛盾的心.txt',3479,'2025-05-07 00:54:39','2025-05-07 00:54:39'),(590,46,590,'剽窃方案','https://mediaminds.oss-cn-beijing.aliyuncs.com/book/平步青云/第590章 剽窃方案.txt',3499,'2025-05-07 00:54:39','2025-05-07 00:54:39'),(591,46,591,'训斥柳浩天','https://mediaminds.oss-cn-beijing.aliyuncs.com/book/平步青云/第591章 训斥柳浩天.txt',3427,'2025-05-07 00:54:39','2025-05-07 00:54:39'),(592,46,592,'超常规待遇','https://mediaminds.oss-cn-beijing.aliyuncs.com/book/平步青云/第592章 超常规待遇.txt',3257,'2025-05-07 00:54:39','2025-05-07 00:54:39'),(593,46,593,'战略能源基地','https://mediaminds.oss-cn-beijing.aliyuncs.com/book/平步青云/第593章 战略能源基地.txt',3144,'2025-05-07 00:54:39','2025-05-07 00:54:39'),(594,46,594,'主导权之争（上）','https://mediaminds.oss-cn-beijing.aliyuncs.com/book/平步青云/第594章 主导权之争（上）.txt',3622,'2025-05-07 00:54:39','2025-05-07 00:54:39'),(595,46,595,'主导权之争（下）','https://mediaminds.oss-cn-beijing.aliyuncs.com/book/平步青云/第595章 主导权之争（下）.txt',3415,'2025-05-07 00:54:39','2025-05-07 00:54:39'),(596,46,596,'众矢之的','https://mediaminds.oss-cn-beijing.aliyuncs.com/book/平步青云/第596章 众矢之的.txt',3264,'2025-05-07 00:54:39','2025-05-07 00:54:39'),(597,46,597,'反客为主','https://mediaminds.oss-cn-beijing.aliyuncs.com/book/平步青云/第597章 反客为主.txt',1435,'2025-05-07 00:54:39','2025-05-07 00:54:39'),(598,46,598,'东林之怒','https://mediaminds.oss-cn-beijing.aliyuncs.com/book/平步青云/第598章 东林之怒.txt',3142,'2025-05-07 00:54:39','2025-05-07 00:54:39'),(599,46,599,'人事之争','https://mediaminds.oss-cn-beijing.aliyuncs.com/book/平步青云/第599章 人事之争.txt',3626,'2025-05-07 00:54:39','2025-05-07 00:54:39'),(600,46,600,'柳浩天，胜利！','https://mediaminds.oss-cn-beijing.aliyuncs.com/book/平步青云/第600章 柳浩天，胜利！.txt',5330,'2025-05-07 00:54:39','2025-05-07 00:54:39'),(601,46,601,'东林集团的野心','https://mediaminds.oss-cn-beijing.aliyuncs.com/book/平步青云/第601章 东林集团的野心.txt',3216,'2025-05-07 00:54:39','2025-05-07 00:54:39'),(602,46,602,'要坑人？','https://mediaminds.oss-cn-beijing.aliyuncs.com/book/平步青云/第602章 要坑人？.txt',3225,'2025-05-07 00:54:39','2025-05-07 00:54:39'),(603,46,603,'柳浩天的心声','https://mediaminds.oss-cn-beijing.aliyuncs.com/book/平步青云/第603章 柳浩天的心声.txt',3436,'2025-05-07 00:54:39','2025-05-07 00:54:39'),(604,46,604,'郭天佑出谋划策','https://mediaminds.oss-cn-beijing.aliyuncs.com/book/平步青云/第604章 郭天佑出谋划策.txt',3426,'2025-05-07 00:54:39','2025-05-07 00:54:39'),(605,46,605,'陈子强出狠招','https://mediaminds.oss-cn-beijing.aliyuncs.com/book/平步青云/第605章 陈子强出狠招.txt',3204,'2025-05-07 00:54:39','2025-05-07 00:54:39'),(606,46,606,'现场处置','https://mediaminds.oss-cn-beijing.aliyuncs.com/book/平步青云/第606章 现场处置.txt',3118,'2025-05-07 00:54:39','2025-05-07 00:54:39'),(607,46,607,'收购纷争','https://mediaminds.oss-cn-beijing.aliyuncs.com/book/平步青云/第607章 收购纷争.txt',3242,'2025-05-07 00:54:39','2025-05-07 00:54:39'),(608,46,608,'算计柳浩天','https://mediaminds.oss-cn-beijing.aliyuncs.com/book/平步青云/第608章 算计柳浩天.txt',3623,'2025-05-07 00:54:39','2025-05-07 00:54:39'),(609,46,609,'小偷入室','https://mediaminds.oss-cn-beijing.aliyuncs.com/book/平步青云/第609章 小偷入室.txt',3289,'2025-05-07 00:54:39','2025-05-07 00:54:39'),(610,46,610,'舆论危机','https://mediaminds.oss-cn-beijing.aliyuncs.com/book/平步青云/第610章 舆论危机.txt',3194,'2025-05-07 00:54:39','2025-05-07 00:54:39'),(611,46,611,'巅峰论战','https://mediaminds.oss-cn-beijing.aliyuncs.com/book/平步青云/第611章 巅峰论战.txt',3063,'2025-05-07 00:54:39','2025-05-07 00:54:39'),(612,46,612,'邱德志落井下石','https://mediaminds.oss-cn-beijing.aliyuncs.com/book/平步青云/第612章 邱德志落井下石.txt',3450,'2025-05-07 00:54:39','2025-05-07 00:54:39'),(613,46,613,'亲自抓人','https://mediaminds.oss-cn-beijing.aliyuncs.com/book/平步青云/第613章 亲自抓人.txt',3194,'2025-05-07 00:54:39','2025-05-07 00:54:39'),(614,46,614,'语出惊人','https://mediaminds.oss-cn-beijing.aliyuncs.com/book/平步青云/第614章 语出惊人.txt',3561,'2025-05-07 00:54:39','2025-05-07 00:54:39'),(615,46,615,'林芊芊强势出头','https://mediaminds.oss-cn-beijing.aliyuncs.com/book/平步青云/第615章 林芊芊强势出头.txt',3210,'2025-05-07 00:54:39','2025-05-07 00:54:39'),(616,46,616,'邱德志大胜','https://mediaminds.oss-cn-beijing.aliyuncs.com/book/平步青云/第616章 邱德志大胜.txt',3370,'2025-05-07 00:54:39','2025-05-07 00:54:39'),(617,46,617,'柳浩天胜利','https://mediaminds.oss-cn-beijing.aliyuncs.com/book/平步青云/第617章 柳浩天胜利.txt',3119,'2025-05-07 00:54:39','2025-05-07 00:54:39'),(618,46,618,'楚薛论浩天','https://mediaminds.oss-cn-beijing.aliyuncs.com/book/平步青云/第618章 楚薛论浩天.txt',3431,'2025-05-07 00:54:39','2025-05-07 00:54:39'),(619,46,619,'柳郭再次谈判','https://mediaminds.oss-cn-beijing.aliyuncs.com/book/平步青云/第619章 柳郭再次谈判.txt',3422,'2025-05-07 00:54:39','2025-05-07 00:54:39'),(620,46,620,'打柳浩天的脸','https://mediaminds.oss-cn-beijing.aliyuncs.com/book/平步青云/第620章 打柳浩天的脸.txt',3077,'2025-05-07 00:54:39','2025-05-07 00:54:39'),(621,46,621,'复仇路','https://mediaminds.oss-cn-beijing.aliyuncs.com/book/平步青云/第621章 复仇路.txt',3137,'2025-05-07 00:54:39','2025-05-07 00:54:39'),(622,46,622,'否定柳浩天（上）','https://mediaminds.oss-cn-beijing.aliyuncs.com/book/平步青云/第622章 否定柳浩天（上）.txt',3602,'2025-05-07 00:54:39','2025-05-07 00:54:39'),(623,46,623,'否定柳浩天（中）','https://mediaminds.oss-cn-beijing.aliyuncs.com/book/平步青云/第623章 否定柳浩天（中）.txt',3270,'2025-05-07 00:54:39','2025-05-07 00:54:39'),(624,46,624,'否定柳浩天（下）','https://mediaminds.oss-cn-beijing.aliyuncs.com/book/平步青云/第624章 否定柳浩天（下）.txt',3635,'2025-05-07 00:54:39','2025-05-07 00:54:39'),(625,46,625,'先斩后奏','https://mediaminds.oss-cn-beijing.aliyuncs.com/book/平步青云/第625章 先斩后奏.txt',3203,'2025-05-07 00:54:39','2025-05-07 00:54:39'),(626,46,626,'投资额度','https://mediaminds.oss-cn-beijing.aliyuncs.com/book/平步青云/第626章 投资额度.txt',4259,'2025-05-07 00:54:39','2025-05-07 00:54:39'),(627,46,627,'得意洋洋','https://mediaminds.oss-cn-beijing.aliyuncs.com/book/平步青云/第627章 得意洋洋.txt',3244,'2025-05-07 00:54:39','2025-05-07 00:54:39'),(628,46,628,'新闻发布会（上）','https://mediaminds.oss-cn-beijing.aliyuncs.com/book/平步青云/第628章 新闻发布会（上）.txt',3158,'2025-05-07 00:54:39','2025-05-07 00:54:39'),(629,46,629,'新闻发布会（中）','https://mediaminds.oss-cn-beijing.aliyuncs.com/book/平步青云/第629章 新闻发布会（中）.txt',3174,'2025-05-07 00:54:39','2025-05-07 00:54:39'),(630,46,630,'新闻发布会（下）','https://mediaminds.oss-cn-beijing.aliyuncs.com/book/平步青云/第630章 新闻发布会（下）.txt',3293,'2025-05-07 00:54:39','2025-05-07 00:54:39'),(631,46,631,'梁光伟发飙','https://mediaminds.oss-cn-beijing.aliyuncs.com/book/平步青云/第631章 梁光伟发飙.txt',3151,'2025-05-07 00:54:39','2025-05-07 00:54:39'),(632,46,632,'掀桌子','https://mediaminds.oss-cn-beijing.aliyuncs.com/book/平步青云/第632章 掀桌子.txt',3171,'2025-05-07 00:54:39','2025-05-07 00:54:39'),(633,46,633,'陈子强翻盘','https://mediaminds.oss-cn-beijing.aliyuncs.com/book/平步青云/第633章 陈子强翻盘.txt',3326,'2025-05-07 00:54:39','2025-05-07 00:54:39'),(634,46,634,'利益权衡','https://mediaminds.oss-cn-beijing.aliyuncs.com/book/平步青云/第634章 利益权衡.txt',3236,'2025-05-07 00:54:39','2025-05-07 00:54:39'),(635,46,635,'陈子强吐血','https://mediaminds.oss-cn-beijing.aliyuncs.com/book/平步青云/第635章 陈子强吐血.txt',3443,'2025-05-07 00:54:39','2025-05-07 00:54:39'),(636,46,636,'三号人物','https://mediaminds.oss-cn-beijing.aliyuncs.com/book/平步青云/第636章 三号人物.txt',3210,'2025-05-07 00:54:39','2025-05-07 00:54:39'),(637,46,637,'埋伏','https://mediaminds.oss-cn-beijing.aliyuncs.com/book/平步青云/第637章 埋伏.txt',3419,'2025-05-07 00:54:39','2025-05-07 00:54:39'),(638,46,638,'被困密室','https://mediaminds.oss-cn-beijing.aliyuncs.com/book/平步青云/第638章 被困密室.txt',3323,'2025-05-07 00:54:39','2025-05-07 00:54:39'),(639,46,639,'郭天佑的劝告','https://mediaminds.oss-cn-beijing.aliyuncs.com/book/平步青云/第639章 郭天佑的劝告.txt',3165,'2025-05-07 00:54:39','2025-05-07 00:54:39'),(640,46,640,'郭长达的威胁','https://mediaminds.oss-cn-beijing.aliyuncs.com/book/平步青云/第640章 郭长达的威胁.txt',3150,'2025-05-07 00:54:39','2025-05-07 00:54:39'),(641,46,641,'郭长达的嚣张','https://mediaminds.oss-cn-beijing.aliyuncs.com/book/平步青云/第641章 郭长达的嚣张.txt',3181,'2025-05-07 00:54:39','2025-05-07 00:54:39'),(642,46,642,'因果','https://mediaminds.oss-cn-beijing.aliyuncs.com/book/平步青云/第642章 因果.txt',3159,'2025-05-07 00:54:39','2025-05-07 00:54:39'),(643,46,643,'秘密谋划','https://mediaminds.oss-cn-beijing.aliyuncs.com/book/平步青云/第643章 秘密谋划.txt',3589,'2025-05-07 00:54:39','2025-05-07 00:54:39'),(644,46,644,'东林集团的搬迁','https://mediaminds.oss-cn-beijing.aliyuncs.com/book/平步青云/第644章 东林集团的搬迁.txt',3324,'2025-05-07 00:54:39','2025-05-07 00:54:39'),(645,46,645,'凌厉反击','https://mediaminds.oss-cn-beijing.aliyuncs.com/book/平步青云/第645章 凌厉反击.txt',3573,'2025-05-07 00:54:39','2025-05-07 00:54:39'),(646,46,646,'西横集团','https://mediaminds.oss-cn-beijing.aliyuncs.com/book/平步青云/第646章 西横集团.txt',4124,'2025-05-07 00:54:39','2025-05-07 00:54:39'),(647,46,647,'西横困局','https://mediaminds.oss-cn-beijing.aliyuncs.com/book/平步青云/第647章 西横困局.txt',3110,'2025-05-07 00:54:39','2025-05-07 00:54:39'),(648,46,648,'争相拉拉','https://mediaminds.oss-cn-beijing.aliyuncs.com/book/平步青云/第648章 争相拉拉.txt',3160,'2025-05-07 00:54:39','2025-05-07 00:54:39'),(649,46,649,'拉拢打压','https://mediaminds.oss-cn-beijing.aliyuncs.com/book/平步青云/第649章 拉拢打压.txt',3357,'2025-05-07 00:54:39','2025-05-07 00:54:39'),(650,46,650,'暗流涌动（上）','https://mediaminds.oss-cn-beijing.aliyuncs.com/book/平步青云/第650章 暗流涌动（上）.txt',3256,'2025-05-07 00:54:39','2025-05-07 00:54:39'),(651,46,651,'暗流涌动（下）','https://mediaminds.oss-cn-beijing.aliyuncs.com/book/平步青云/第651章 暗流涌动（下）.txt',3368,'2025-05-07 00:54:39','2025-05-07 00:54:39'),(652,46,652,'斗心机（上）','https://mediaminds.oss-cn-beijing.aliyuncs.com/book/平步青云/第652章 斗心机（上）.txt',3332,'2025-05-07 00:54:39','2025-05-07 00:54:39'),(653,46,653,'斗心机（中）','https://mediaminds.oss-cn-beijing.aliyuncs.com/book/平步青云/第653章 斗心机（中）.txt',3131,'2025-05-07 00:54:39','2025-05-07 00:54:39'),(654,46,654,'斗心机（下）','https://mediaminds.oss-cn-beijing.aliyuncs.com/book/平步青云/第654章斗心机（下）.txt',3434,'2025-05-07 00:54:39','2025-05-07 00:54:39'),(655,46,655,'崔健林的反问','https://mediaminds.oss-cn-beijing.aliyuncs.com/book/平步青云/第655章 崔健林的反问.txt',3258,'2025-05-07 00:54:39','2025-05-07 00:54:39'),(656,46,656,'谈话破裂','https://mediaminds.oss-cn-beijing.aliyuncs.com/book/平步青云/第656章 谈话破裂.txt',3293,'2025-05-07 00:54:39','2025-05-07 00:54:39'),(657,46,657,'崔建林落马','https://mediaminds.oss-cn-beijing.aliyuncs.com/book/平步青云/第657章 崔建林落马.txt',4150,'2025-05-07 00:54:39','2025-05-07 00:54:39'),(658,46,658,'新三国演义','https://mediaminds.oss-cn-beijing.aliyuncs.com/book/平步青云/第658章 新三国演义.txt',3131,'2025-05-07 00:54:39','2025-05-07 00:54:39'),(659,46,659,'矛盾渐显','https://mediaminds.oss-cn-beijing.aliyuncs.com/book/平步青云/第659章 矛盾渐显.txt',3265,'2025-05-07 00:54:39','2025-05-07 00:54:39'),(660,46,660,'拉拢柳浩天','https://mediaminds.oss-cn-beijing.aliyuncs.com/book/平步青云/第660章 拉拢柳浩天.txt',3434,'2025-05-07 00:54:39','2025-05-07 00:54:39'),(661,46,661,'拉拢【上】','https://mediaminds.oss-cn-beijing.aliyuncs.com/book/平步青云/第661章 拉拢【上】.txt',3459,'2025-05-07 00:54:39','2025-05-07 00:54:39'),(662,46,662,'拉拢（中）','https://mediaminds.oss-cn-beijing.aliyuncs.com/book/平步青云/第662章 拉拢（中）.txt',3326,'2025-05-07 00:54:39','2025-05-07 00:54:39'),(663,46,663,'拉拢（下）','https://mediaminds.oss-cn-beijing.aliyuncs.com/book/平步青云/第663章 拉拢（下）.txt',3193,'2025-05-07 00:54:39','2025-05-07 00:54:39'),(664,46,664,'雷雅莉','https://mediaminds.oss-cn-beijing.aliyuncs.com/book/平步青云/第664章 雷雅莉.txt',3204,'2025-05-07 00:54:39','2025-05-07 00:54:39'),(665,46,665,'风雷动（上）','https://mediaminds.oss-cn-beijing.aliyuncs.com/book/平步青云/第665章 风雷动（上）.txt',3307,'2025-05-07 00:54:39','2025-05-07 00:54:39'),(666,46,666,'风雷动（中）','https://mediaminds.oss-cn-beijing.aliyuncs.com/book/平步青云/第666章 风雷动（中）.txt',3433,'2025-05-07 00:54:39','2025-05-07 00:54:39'),(667,46,667,'风雷动（下）','https://mediaminds.oss-cn-beijing.aliyuncs.com/book/平步青云/第667章 风雷动（下）.txt',3574,'2025-05-07 00:54:39','2025-05-07 00:54:39'),(668,46,668,'梁胡联手（上）','https://mediaminds.oss-cn-beijing.aliyuncs.com/book/平步青云/第668章 梁胡联手（上）.txt',3681,'2025-05-07 00:54:39','2025-05-07 00:54:39'),(669,46,669,'梁胡联手（ 中）','https://mediaminds.oss-cn-beijing.aliyuncs.com/book/平步青云/第669章 梁胡联手（ 中）.txt',3248,'2025-05-07 00:54:39','2025-05-07 00:54:39'),(670,46,670,'梁胡联手（下）','https://mediaminds.oss-cn-beijing.aliyuncs.com/book/平步青云/第670章 梁胡联手（下）.txt',3620,'2025-05-07 00:54:39','2025-05-07 00:54:39'),(671,46,671,'唇枪舌剑（上）','https://mediaminds.oss-cn-beijing.aliyuncs.com/book/平步青云/第671章 唇枪舌剑（上）.txt',3430,'2025-05-07 00:54:39','2025-05-07 00:54:39'),(672,46,672,'唇枪舌剑（中）','https://mediaminds.oss-cn-beijing.aliyuncs.com/book/平步青云/第672章 唇枪舌剑（中）.txt',3178,'2025-05-07 00:54:39','2025-05-07 00:54:39'),(673,46,673,'唇枪舌剑（下）','https://mediaminds.oss-cn-beijing.aliyuncs.com/book/平步青云/第673章 唇枪舌剑（下）.txt',3332,'2025-05-07 00:54:39','2025-05-07 00:54:39'),(674,46,674,'一记妙招','https://mediaminds.oss-cn-beijing.aliyuncs.com/book/平步青云/第674章 一记妙招.txt',3700,'2025-05-07 00:54:39','2025-05-07 00:54:39'),(675,46,675,'联手暗算','https://mediaminds.oss-cn-beijing.aliyuncs.com/book/平步青云/第675章 联手暗算.txt',3452,'2025-05-07 00:54:39','2025-05-07 00:54:39'),(676,46,676,'薛博仁出招（上）','https://mediaminds.oss-cn-beijing.aliyuncs.com/book/平步青云/第676章 薛博仁出招（上）.txt',3063,'2025-05-07 00:54:39','2025-05-07 00:54:39'),(677,46,677,'薛博仁出招（中）','https://mediaminds.oss-cn-beijing.aliyuncs.com/book/平步青云/第677章 薛博仁出招（中）.txt',3448,'2025-05-07 00:54:39','2025-05-07 00:54:39'),(678,46,678,'薛博仁出招（下）','https://mediaminds.oss-cn-beijing.aliyuncs.com/book/平步青云/第678章 薛博仁出招（下）.txt',3621,'2025-05-07 00:54:39','2025-05-07 00:54:39'),(679,46,679,'国士待遇','https://mediaminds.oss-cn-beijing.aliyuncs.com/book/平步青云/第679章 国士待遇.txt',4634,'2025-05-07 00:54:39','2025-05-07 00:54:39'),(680,47,1,'开始循环（修）','https://mediaminds.oss-cn-beijing.aliyuncs.com/book/开端/第1章 开始循环（修）.txt',3871,'2025-05-07 00:54:39','2025-05-07 00:54:39'),(681,47,2,'第五次循环（一）','https://mediaminds.oss-cn-beijing.aliyuncs.com/book/开端/第2章 第五次循环（一）.txt',3105,'2025-05-07 00:54:39','2025-05-07 00:54:39'),(682,47,3,'第五次循环（二）','https://mediaminds.oss-cn-beijing.aliyuncs.com/book/开端/第3章 第五次循环（二）.txt',3574,'2025-05-07 00:54:39','2025-05-07 00:54:39'),(683,47,4,'第五次循环（三）','https://mediaminds.oss-cn-beijing.aliyuncs.com/book/开端/第4章 第五次循环（三）.txt',4048,'2025-05-07 00:54:39','2025-05-07 00:54:39'),(684,47,5,'第六七次循环','https://mediaminds.oss-cn-beijing.aliyuncs.com/book/开端/第5章 第六七次循环.txt',3934,'2025-05-07 00:54:39','2025-05-07 00:54:39'),(685,47,6,'第八次循环','https://mediaminds.oss-cn-beijing.aliyuncs.com/book/开端/第6章 第八次循环.txt',4275,'2025-05-07 00:54:39','2025-05-07 00:54:39'),(686,47,7,'第九次循环（一）','https://mediaminds.oss-cn-beijing.aliyuncs.com/book/开端/第7章 第九次循环（一）.txt',3200,'2025-05-07 00:54:39','2025-05-07 00:54:39'),(687,47,8,'第九次循环（二）','https://mediaminds.oss-cn-beijing.aliyuncs.com/book/开端/第8章 第九次循环（二）.txt',4312,'2025-05-07 00:54:39','2025-05-07 00:54:39'),(688,47,9,'第九次循环（三）','https://mediaminds.oss-cn-beijing.aliyuncs.com/book/开端/第9章 第九次循环（三）.txt',3838,'2025-05-07 00:54:39','2025-05-07 00:54:39'),(689,47,10,'第九次循环（四）','https://mediaminds.oss-cn-beijing.aliyuncs.com/book/开端/第10章 第九次循环（四）.txt',3521,'2025-05-07 00:54:39','2025-05-07 00:54:39'),(690,47,11,'第九次循环（五）','https://mediaminds.oss-cn-beijing.aliyuncs.com/book/开端/第11章 第九次循环（五）.txt',3552,'2025-05-07 00:54:39','2025-05-07 00:54:39'),(691,47,12,'第九次循环（六）','https://mediaminds.oss-cn-beijing.aliyuncs.com/book/开端/第12章 第九次循环（六）.txt',3792,'2025-05-07 00:54:39','2025-05-07 00:54:39'),(692,47,13,'第九次循环（七）','https://mediaminds.oss-cn-beijing.aliyuncs.com/book/开端/第13章 第九次循环（七）.txt',4561,'2025-05-07 00:54:39','2025-05-07 00:54:39'),(693,47,14,'第十次循环','https://mediaminds.oss-cn-beijing.aliyuncs.com/book/开端/第14章 第十次循环.txt',3116,'2025-05-07 00:54:39','2025-05-07 00:54:39'),(694,47,15,'第十一次循环（一）','https://mediaminds.oss-cn-beijing.aliyuncs.com/book/开端/第15章 第十一次循环（一）.txt',3536,'2025-05-07 00:54:39','2025-05-07 00:54:39'),(695,47,16,'第十一次循环（二）','https://mediaminds.oss-cn-beijing.aliyuncs.com/book/开端/第16章 第十一次循环（二）.txt',3267,'2025-05-07 00:54:39','2025-05-07 00:54:39'),(696,47,17,'第十一次循环（三）','https://mediaminds.oss-cn-beijing.aliyuncs.com/book/开端/第17章 第十一次循环（三）.txt',4125,'2025-05-07 00:54:39','2025-05-07 00:54:39'),(697,47,18,'第十二次循环','https://mediaminds.oss-cn-beijing.aliyuncs.com/book/开端/第18章 第十二次循环.txt',3840,'2025-05-07 00:54:39','2025-05-07 00:54:39'),(698,47,19,'第十二十三次循环','https://mediaminds.oss-cn-beijing.aliyuncs.com/book/开端/第19章 第十二十三次循环.txt',3575,'2025-05-07 00:54:39','2025-05-07 00:54:39'),(699,47,20,'第十三、四次循环','https://mediaminds.oss-cn-beijing.aliyuncs.com/book/开端/第20章 第十三、四次循环.txt',3738,'2025-05-07 00:54:39','2025-05-07 00:54:39'),(700,47,21,'第十五次循环','https://mediaminds.oss-cn-beijing.aliyuncs.com/book/开端/第21章 第十五次循环.txt',4506,'2025-05-07 00:54:39','2025-05-07 00:54:39'),(701,47,22,'第十六次循环','https://mediaminds.oss-cn-beijing.aliyuncs.com/book/开端/第22章 第十六次循环.txt',4267,'2025-05-07 00:54:39','2025-05-07 00:54:39'),(702,47,23,'第十七次循环','https://mediaminds.oss-cn-beijing.aliyuncs.com/book/开端/第23章 第十七次循环.txt',3748,'2025-05-07 00:54:39','2025-05-07 00:54:39'),(703,47,24,'第十八次循环','https://mediaminds.oss-cn-beijing.aliyuncs.com/book/开端/第24章 第十八次循环.txt',3516,'2025-05-07 00:54:39','2025-05-07 00:54:39'),(704,47,25,'第十九次循环','https://mediaminds.oss-cn-beijing.aliyuncs.com/book/开端/第25章 第十九次循环.txt',4044,'2025-05-07 00:54:39','2025-05-07 00:54:39'),(705,47,26,'第十九次循环（二）','https://mediaminds.oss-cn-beijing.aliyuncs.com/book/开端/第26章 第十九次循环（二）.txt',3696,'2025-05-07 00:54:39','2025-05-07 00:54:39'),(706,47,27,'第十九次循环（三）','https://mediaminds.oss-cn-beijing.aliyuncs.com/book/开端/第27章 第十九次循环（三）.txt',3506,'2025-05-07 00:54:39','2025-05-07 00:54:39'),(707,47,28,'第十九次循环（四）','https://mediaminds.oss-cn-beijing.aliyuncs.com/book/开端/第28章 第十九次循环（四）.txt',3644,'2025-05-07 00:54:39','2025-05-07 00:54:39'),(708,47,29,'第二十次循环（一）','https://mediaminds.oss-cn-beijing.aliyuncs.com/book/开端/第29章 第二十次循环（一）.txt',3351,'2025-05-07 00:54:39','2025-05-07 00:54:39'),(709,47,30,'番外【上章超人版】','https://mediaminds.oss-cn-beijing.aliyuncs.com/book/开端/第30章 番外【上章超人版】.txt',4793,'2025-05-07 00:54:39','2025-05-07 00:54:39'),(710,47,31,'第二十次循环（二）','https://mediaminds.oss-cn-beijing.aliyuncs.com/book/开端/第31章 第二十次循环（二）.txt',4851,'2025-05-07 00:54:39','2025-05-07 00:54:39'),(711,47,32,'第二十次循环（三）','https://mediaminds.oss-cn-beijing.aliyuncs.com/book/开端/第32章 第二十次循环（三）.txt',5119,'2025-05-07 00:54:39','2025-05-07 00:54:39'),(712,47,33,'第二十次循环（四）','https://mediaminds.oss-cn-beijing.aliyuncs.com/book/开端/第33章 第二十次循环（四）.txt',3977,'2025-05-07 00:54:39','2025-05-07 00:54:39'),(713,47,34,'第二十次循环（五）','https://mediaminds.oss-cn-beijing.aliyuncs.com/book/开端/第34章 第二十次循环（五）.txt',3266,'2025-05-07 00:54:39','2025-05-07 00:54:39'),(714,47,35,'第二十次循环（六）','https://mediaminds.oss-cn-beijing.aliyuncs.com/book/开端/第35章 第二十次循环（六）.txt',5947,'2025-05-07 00:54:39','2025-05-07 00:54:39'),(715,47,36,'第二十次循环（七）','https://mediaminds.oss-cn-beijing.aliyuncs.com/book/开端/第36章 第二十次循环（七）.txt',4576,'2025-05-07 00:54:39','2025-05-07 00:54:39'),(716,47,37,'第二十一次循环','https://mediaminds.oss-cn-beijing.aliyuncs.com/book/开端/第37章 第二十一次循环.txt',3261,'2025-05-07 00:54:39','2025-05-07 00:54:39'),(717,47,38,'第二十二次循环','https://mediaminds.oss-cn-beijing.aliyuncs.com/book/开端/第38章 第二十二次循环.txt',6078,'2025-05-07 00:54:39','2025-05-07 00:54:39'),(718,47,39,'第二十三次循环（一）','https://mediaminds.oss-cn-beijing.aliyuncs.com/book/开端/第39章 第二十三次循环（一）.txt',3579,'2025-05-07 00:54:39','2025-05-07 00:54:39'),(719,47,40,'第二十三次循环（二）','https://mediaminds.oss-cn-beijing.aliyuncs.com/book/开端/第40章 第二十三次循环（二）.txt',5133,'2025-05-07 00:54:39','2025-05-07 00:54:39'),(720,47,41,'结束循环（完）','https://mediaminds.oss-cn-beijing.aliyuncs.com/book/开端/第41章 结束循环（完）.txt',7580,'2025-05-07 00:54:39','2025-05-07 00:54:39'),(721,47,42,'大结局','https://mediaminds.oss-cn-beijing.aliyuncs.com/book/开端/第42章 大结局.txt',4225,'2025-05-07 00:54:39','2025-05-07 00:54:39');
/*!40000 ALTER TABLE `book_chapter` ENABLE KEYS */;
UNLOCK TABLES;

--
-- Table structure for table `book_favorite`
--

DROP TABLE IF EXISTS `book_favorite`;
/*!40101 SET @saved_cs_client     = @@character_set_client */;
/*!50503 SET character_set_client = utf8mb4 */;
CREATE TABLE `book_favorite` (
                                 `id` int NOT NULL AUTO_INCREMENT COMMENT '主键ID',
                                 `user_id` varchar(20) NOT NULL COMMENT '用户ID',
                                 `book_id` int NOT NULL COMMENT '关联书籍ID（外键，指向book_product.id）',
                                 `chapter_id` int DEFAULT NULL COMMENT '关联章节ID（外键，指向book_chapter.id，可为空）',
                                 `create_time` datetime DEFAULT NULL COMMENT '收藏时间',
                                 PRIMARY KEY (`id`) USING BTREE,
                                 UNIQUE KEY `unique_favorite` (`user_id`,`book_id`,`chapter_id`) COMMENT '防止重复收藏',
                                 KEY `book_id` (`book_id`),
                                 KEY `chapter_id` (`chapter_id`)
) ENGINE=InnoDB AUTO_INCREMENT=32 DEFAULT CHARSET=utf8mb4 COLLATE=utf8mb4_0900_ai_ci ROW_FORMAT=DYNAMIC COMMENT='用户收藏';
/*!40101 SET character_set_client = @saved_cs_client */;

--
-- Dumping data for table `book_favorite`
--

LOCK TABLES `book_favorite` WRITE;
/*!40000 ALTER TABLE `book_favorite` DISABLE KEYS */;
INSERT INTO `book_favorite` VALUES (1,'1',2,0,'2024-03-01 10:00:00'),(2,'1',5,0,'2024-03-01 10:05:00'),(3,'1',6,0,'2024-03-01 10:10:00'),(4,'1',8,0,'2024-03-01 10:15:00'),(5,'2',3,0,'2024-03-02 11:00:00'),(6,'2',9,0,'2024-03-02 11:05:00'),(7,'2',10,0,'2024-03-02 11:10:00'),(8,'2',25,0,'2024-03-02 11:15:00'),(9,'3',30,0,'2024-03-03 12:00:00'),(10,'3',31,0,'2024-03-03 12:05:00'),(11,'3',32,0,'2024-03-03 12:10:00'),(12,'3',34,0,'2024-03-03 12:15:00'),(13,'4',41,0,'2024-03-04 13:00:00'),(14,'4',42,0,'2024-03-04 13:05:00'),(15,'4',43,0,'2024-03-04 13:10:00'),(16,'4',44,0,'2024-03-04 13:15:00'),(17,'5',2,0,'2024-03-05 14:00:00'),(18,'5',9,0,'2024-03-05 14:05:00'),(19,'5',30,0,'2024-03-05 14:10:00'),(20,'5',41,0,'2024-03-05 14:15:00'),(21,'1',7,0,'2024-03-06 10:00:00'),(22,'1',11,0,'2024-03-07 10:00:00'),(23,'2',23,0,'2024-03-06 11:00:00'),(24,'2',24,0,'2024-03-07 11:00:00'),(25,'3',33,0,'2024-03-06 12:00:00'),(26,'3',36,0,'2024-03-07 12:00:00'),(27,'4',29,0,'2024-03-06 13:00:00'),(28,'4',27,0,'2024-03-07 13:00:00'),(29,'5',5,0,'2024-03-06 14:00:00'),(30,'5',24,0,'2024-03-07 14:00:00'),(31,'2',47,680,'2025-05-11 12:11:18');
/*!40000 ALTER TABLE `book_favorite` ENABLE KEYS */;
UNLOCK TABLES;

--
-- Table structure for table `book_type`
--

DROP TABLE IF EXISTS `book_type`;
/*!40101 SET @saved_cs_client     = @@character_set_client */;
/*!50503 SET character_set_client = utf8mb4 */;
CREATE TABLE `book_type` (
                             `id` int NOT NULL AUTO_INCREMENT COMMENT '主键Id',
                             `type_name` varchar(255) CHARACTER SET utf8mb3 COLLATE utf8mb3_general_ci DEFAULT NULL COMMENT '类型名称',
                             `create_time` datetime DEFAULT NULL COMMENT '创建时间',
                             `update_time` datetime DEFAULT NULL COMMENT '修改时间',
                             PRIMARY KEY (`id`) USING BTREE
) ENGINE=InnoDB AUTO_INCREMENT=9 DEFAULT CHARSET=utf8mb3 ROW_FORMAT=DYNAMIC COMMENT='类型';
/*!40101 SET character_set_client = @saved_cs_client */;

--
-- Dumping data for table `book_type`
--

LOCK TABLES `book_type` WRITE;
/*!40000 ALTER TABLE `book_type` DISABLE KEYS */;
INSERT INTO `book_type` VALUES (1,'教育教材','2023-02-03 14:41:27','2023-04-07 11:10:52'),(2,'科幻小说','2023-02-03 14:41:31','2023-04-07 11:10:58'),(3,'理财知识','2023-02-03 14:41:39','2023-04-07 11:12:41'),(4,'人物传记','2023-04-07 11:07:08','2023-04-07 11:13:44'),(5,'人文社科','2023-04-07 11:07:23','2023-04-07 11:13:57'),(6,'科普读物','2023-04-07 11:07:33','2023-04-07 11:14:08'),(7,'居家生活','2023-04-07 11:08:40','2023-04-07 11:14:23'),(8,'文艺作品','2023-04-07 11:09:29','2023-04-07 11:14:32');
/*!40000 ALTER TABLE `book_type` ENABLE KEYS */;
UNLOCK TABLES;
/*!40103 SET TIME_ZONE=@OLD_TIME_ZONE */;

/*!40101 SET SQL_MODE=@OLD_SQL_MODE */;
/*!40014 SET FOREIGN_KEY_CHECKS=@OLD_FOREIGN_KEY_CHECKS */;
/*!40014 SET UNIQUE_CHECKS=@OLD_UNIQUE_CHECKS */;
/*!40101 SET CHARACTER_SET_CLIENT=@OLD_CHARACTER_SET_CLIENT */;
/*!40101 SET CHARACTER_SET_RESULTS=@OLD_CHARACTER_SET_RESULTS */;
/*!40101 SET COLLATION_CONNECTION=@OLD_COLLATION_CONNECTION */;
/*!40111 SET SQL_NOTES=@OLD_SQL_NOTES */;

-- Dump completed on 2025-05-12 19:12:54
